Estimation_point,Date,Year,Road_Segment_Type,Lat,Long,Proj Lat,Proj Long,Region,Day Volume,AADT,AAWDT,Tom Tom Day,Tom Tom AADT,Tom Tom AAWDT,Pen Rate Day,Pen Rate AADT,Pen Rate AAWDT,Road Class,Road Class FID,Speed,Speed Limit FID,Lanes,Lane Number FID,descriptio,Aggregate,CensusDivision,Population2021,PopPerSqKm2021,Employment_rate,Employment_Count,Removed?,Note
1182163,5/1/2024,2024,Midblock,53.459818,-113.448121,5925343.041,36652.9556,SE,7230.0,6332.085331,6636.038915,1182.0,1107.382514,1153.461832,16.35%,17.49%,17.38%,Collector,19995,40,10932,4,9623,Parks and Services,Others,Division No. 11,745,3151.4,62.4,545.0,0,
1182165,5/1/2024,2024,Midblock,53.44764,-113.403603,5924011.654,39620.9147,SE,3378.0,2958.476383,3100.489551,539.0,520.3661202,518.519084,15.96%,17.59%,16.72%,Collector,11139,40,2227,4,2302,Parks and Services,Others,Division No. 11,921,3528.7,56.3,630.0,0,
1182169,5/1/2024,2024,Midblock,53.445694,-113.450113,5923770.27,36532.7772,SE,4024.0,3524.24777,3693.419169,496.0,476.6256831,492.0763359,12.33%,13.52%,13.32%,Collector,11630,30,8812,4,11137,Parks and Services,Others,Division No. 11,850,2824.9,53.2,620.0,0,
1182215,5/1/2024,2024,Midblock,53.44534,-113.448395,5923731.757,36647.2194,SE,3923.0,3435.791252,3600.716551,546.0,508.5218579,529.9122137,13.92%,14.80%,14.72%,Collector,3406,30,8812,4,9830,Small Scale Residential,Residential,Division No. 11,850,2824.9,53.2,620.0,0,
1182217,5/1/2024,2024,Midblock,53.44548,-113.425775,5923759.197,38149.8944,SE,5735.0,5022.753717,5263.856595,967.0,964.0901639,956.0954198,16.86%,19.19%,18.16%,Collector,11332,30,4984,4,11135,Small Scale Residential,Residential,Division No. 11,927,3666.9,34.1,690.0,0,
1182218,5/1/2024,2024,Midblock,53.454574,-113.454382,5924756.277,36241.6008,SE,1223.0,1071.112083,1122.527745,146.0,122.7431694,127.8969466,11.94%,11.46%,11.39%,Collector,9470,30,1142,2,938,Small Scale Residential,Residential,Division No. 11,647,3419.7,48.1,645.0,0,
1182219,5/1/2024,2024,Midblock,53.460701,-113.440794,5925445.094,37138.8021,SE,1354.0,1185.842813,1242.765794,137.0,133.8415301,140.110687,10.12%,11.29%,11.27%,Collector,5088,30,5060,2,3824,Parks and Services,Others,Division No. 11,745,3151.4,62.4,545.0,0,
1182226,5/1/2024,2024,Midblock,53.463437,-113.458287,5925740.595,35974.7288,SE,1760.0,1541.420496,1615.411963,190.0,216.5081967,218.6564885,10.80%,14.05%,13.54%,Collector,11732,30,966,2,1444,Parks and Services,Others,Division No. 11,841,2500.0,53.1,650.0,0,
1182228,5/1/2024,2024,Midblock,53.471716,-113.444646,5926668.87,36873.4329,SE,1927.0,1687.680281,1768.69253,265.0,225.3142077,230.5229008,13.75%,13.35%,13.03%,Collector,5082,30,14854,2,449,Small Scale Residential,Residential,Division No. 11,760,3944.0,56.1,570.0,0,
1182231,5/1/2024,2024,Midblock,53.483521,-113.418192,5927996.566,38619.1421,SE,29392.0,25741.72228,26977.37978,5880.0,5654.032787,5874.965649,20.01%,21.96%,21.78%,Minor Arterial,9421,60,1558,2,31656,Parks and Services,Others,Division No. 11,555,342.0,56.8,405.0,0,
1182236,5/1/2024,2024,Midblock,53.424909,-113.466451,5921449.031,35464.641,SE,27709.0,24267.73893,25432.64209,6238.0,6217.655738,6168.232824,22.51%,25.62%,24.25%,Minor Arterial,28389,60,8314,2,17290,Small Scale Flex Residential,Residential,Division No. 11,3528,2533.6,66.2,2725.0,0,
1182240,5/1/2024,2024,Midblock,53.473765,-113.42959,5926904.78,37871.2614,SE,3442.0,3014.528037,3159.231805,510.0,452.7896175,477.1564885,14.82%,15.02%,15.10%,Collector,3536,30,6031,4,13486,Small Scale Residential,Residential,Division No. 11,951,2851.6,54.0,750.0,0,
1182242,5/1/2024,2024,Midblock,53.476629,-113.424831,5927226.031,38184.6518,SE,1486.0,1301.44935,1363.921691,244.0,224.5846995,231.1526718,16.42%,17.26%,16.95%,Collector,3626,30,7335,2,19753,Small Scale Residential,Residential,Division No. 11,485,3065.7,63.8,400.0,0,
1182239,5/1/2024,2024,Midblock,53.424848,-113.498364,5921426.853,33343.4694,SW,29081.0,25417.6587,26946.70883,6845.5,6518.364754,6540.824427,23.54%,25.65%,24.27%,Minor Arterial,29135,60,13468,2,16919,River Valley,Others,Division No. 11,3920,1055.8,68.1,2975.0,0,
1182892,5/2/2024,2024,Midblock,53.606621,-113.476971,5941665.395,34616.968,NE,1579.0,1394.526525,1445.02041,207.0,193.4590164,199.7480916,13.11%,13.87%,13.82%,Local,12674,30,6281,2,21507,Parks and Services,Others,Division No. 11,460,1621.4,45.8,360.0,0,
1182894,5/2/2024,2024,Midblock,53.609883,-113.431938,5942051.251,37594.5774,NE,761.0,672.0928975,696.428456,66.0,46.98907104,55.29389313,8.67%,6.99%,7.94%,Local,4623,30,8172,2,24678,Parks and Services,Others,Division No. 11,314,2597.2,47.6,315.0,0,
1182904,5/2/2024,2024,Midblock,53.605329,-113.437334,5941541.623,37241.4777,NE,2039.0,1800.785043,1865.988991,186.0,157.7622951,170.8664122,9.12%,8.76%,9.16%,Collector,2348,30,12069,2,25554,Small Scale Residential,Residential,Division No. 11,566,2752.9,59.6,520.0,0,
1182907,5/2/2024,2024,Midblock,53.586146,-113.406664,5939423.336,39289.2221,NE,7828.0,6913.460186,7163.787061,1136.0,1021.513661,1028.183206,14.51%,14.78%,14.35%,Collector,5511,30,7683,2,29570,Parks and Services,Others,Division No. 11,690,2636.6,43.9,490.0,0,
1183203,5/2/2024,2024,Midblock,53.609847,-113.449088,5942038.323,36459.6249,NE,2483.0,2192.912831,2272.315186,303.0,265.1639344,276.9236641,12.20%,12.09%,12.19%,Collector,50247,30,6497,2,30806,Parks and Services,Others,Division No. 11,649,1848.5,59.6,495.0,0,
1183206,5/2/2024,2024,Midblock,53.576147,-113.424577,5938300.867,38112.0731,NE,1525.0,1346.835307,1395.602359,106.0,98.56830601,102.7938931,6.95%,7.32%,7.37%,Collector,4300,30,5969,2,12143,Parks and Services,Others,Division No. 11,502,2345.8,54.2,415.0,0,
1183222,5/2/2024,2024,Midblock,53.605019,-113.377839,5941539.899,41179.5634,NE,1341.0,1184.3319,1227.214927,98.0,108.9371585,108.5610687,7.31%,9.20%,8.85%,Collector,4454,40,1190,2,6848,Parks and Services,Others,Division No. 11,370,3464.4,40.4,285.0,0,
1183231,5/2/2024,2024,Midblock,53.620195,-113.430711,5943199.472,37666.6003,NE,4433.0,3915.095683,4056.855907,716.0,597.489071,599.5801527,16.15%,15.26%,14.78%,Collector,10056,30,6248,3,25361,Site Specific Development Control Provision,Direct Control Provisions,Division No. 11,335,1833.6,42.4,295.0,0,
1183241,5/2/2024,2024,Midblock,53.631258,-113.442844,5944424.268,36854.197,NE,19842.0,17523.87289,18158.38821,3614.0,3427.601093,3430.942748,18.21%,19.56%,18.89%,Minor Arterial,31149,60,1026,3,30428,Medium Scale Residential,Residential,Division No. 11,2195,4371.6,71.0,1570.0,0,
1182854,5/2/2024,2024,Midblock,53.547,-113.56574,5934990.961,28782.2436,NW,17816.0,16286.65603,16749.56807,3567.0,3341.038251,3471.984733,20.02%,20.51%,20.73%,Minor Arterial,23234,50,2539,4,16098,Small Scale Residential,Residential,Division No. 11,499,3156.2,65.9,425.0,0,
1182881,5/2/2024,2024,Midblock,53.556945,-113.615342,5936078.791,25488.7198,NW,33578.0,30695.62956,31568.08468,6738.0,6198.834699,6472.064885,20.07%,20.19%,20.50%,Minor Arterial,29006,60,14654,3,24023,Business Employment,Commercial,Division No. 11,141,14.9,,,0,
1182886,5/2/2024,2024,Midblock,53.515841,-113.596704,5931511.388,26749.6245,NW,18999.0,17368.10608,17861.75594,3685.0,3212.26776,3362.877863,19.40%,18.50%,18.83%,Minor Arterial,5950,60,14852,4,23126,Small Scale Residential,Residential,Division No. 11,582,2208.7,68.6,510.0,0,
1182888,5/2/2024,2024,Midblock,53.515455,-113.609479,5931463.713,25902.5297,NW,685.0,626.1988876,643.9972007,59.0,40.38251366,46.79770992,8.61%,6.45%,7.27%,Collector,4429,40,8354,2,8439,Small Scale Residential,Residential,Division No. 11,704,2156.2,54.2,590.0,0,
1185304,5/7/2024,2024,Midblock,53.607434,-113.442827,5941773.018,36876.0792,NE,22483.0,20752.11016,21503.51549,3651.0,3515.95082,3587.851145,16.24%,16.94%,16.68%,Minor Arterial,5356,60,2410,2,32275,Parks and Services,Others,Division No. 11,649,1848.5,59.6,495.0,0,
1185316,5/7/2024,2024,Midblock,53.582402,-113.421087,5938998.824,38337.5648,NE,49403.0,45599.63074,47250.73059,8877.0,8583.920765,9016.896947,17.97%,18.82%,19.08%,Major Arterial,19782,80,8018,4,32852,Small Scale Residential,Residential,Division No. 11,497,2257.0,47.0,415.0,0,
1185318,5/7/2024,2024,Midblock,53.582431,-113.458795,5938982.409,35840.4124,NE,66162.0,61068.41223,63279.61535,14415.0,13954.79235,14425.53053,21.79%,22.85%,22.80%,Major Arterial,6246,70,4731,3,22809,Medium Industrial,Industrial,Division No. 11,574,856.5,54.7,475.0,0,
1185299,5/7/2024,2024,Midblock,53.548293,-113.42827,5935199.19,37892.3611,SE,548.0,496.7479837,520.592945,64.0,50.93715847,53.71374046,11.68%,10.25%,10.32%,Local,22859,30,2198,2,19319,Parks and Services,Others,Division No. 11,446,2201.4,40.6,345.0,0,
1185301,5/7/2024,2024,Midblock,53.548221,-113.431292,5935189.574,37692.1389,SE,2236.0,2026.876809,2124.171214,356.0,347.7786885,370.278626,15.92%,17.16%,17.43%,Collector,22860,30,5090,2,13106,Small Scale Residential,Residential,Division No. 11,528,1722.1,55.8,475.0,0,
1185323,5/9/2024,2024,Midblock,53.511467,-113.57224,5931034.094,28375.1743,NW,115976.0,106020.4995,109033.8969,27029.0,25403.37705,25855.35115,23.31%,23.96%,23.71%,Major Arterial,26657,80,10544,5,33044,River Valley,Others,Division No. 11,356,996.1,60.0,250.0,0,
1185341,5/9/2024,2024,Midblock,53.512143,-113.622526,5931090.477,25039.1026,NW,43180.0,39473.38389,40595.32719,9750.0,9166.898907,9501.438931,22.58%,23.22%,23.41%,Major Arterial,19446,80,10544,2,12192,Small-Medium Scale Transition Residential,Residential,Division No. 11,536,1003.6,60.9,435.0,0,
1185344,5/9/2024,2024,Midblock,53.481061,-113.478405,5927691.879,34624.3718,SE,98238.0,85175.97754,89264.60589,22300.0,20445.43989,21251.99618,22.70%,24.00%,23.81%,Major Arterial,5174,80,10544,3,8585,Business Employment,Commercial,Division No. 11,52,7.8,,,0,
1185322,5/9/2024,2024,Midblock,53.496396,-113.571962,5929357.048,28403.6877,SW,99713.0,85812.18574,90974.38952,22468.0,21008.75683,21456.94656,22.53%,24.48%,23.59%,Major Arterial,20448,80,10544,3,12338,Small Scale Residential,Residential,Division No. 11,941,564.0,66.7,765.0,0,
1185328,5/9/2024,2024,Midblock,53.483093,-113.529278,5927894.504,31245.8649,SW,84155.0,72423.09921,76779.85569,19028.0,18054.88798,18347.96947,22.61%,24.93%,23.90%,Major Arterial,6514,80,10544,3,12270,Parks and Services,Others,Division No. 11,677,2585.9,52.7,550.0,0,
1185336,5/9/2024,2024,Midblock,53.482581,-113.551919,5927827.843,29743.3544,SW,86878.0,74766.49056,79264.21844,19173.5,18064.98087,18399.0916,22.07%,24.16%,23.21%,Major Arterial,3795,80,10544,2,12769,River Valley,Others,Division No. 11,847,661.6,56.3,800.0,0,
1191006,5/14/2024,2024,Midblock,53.522632,-113.467433,5932323.417,35318.138,Downtown,5727.0,5285.99667,5512.670787,931.0,850.3879781,863.6564885,16.26%,16.09%,15.67%,Collector,29266,30,5380,3,29609,Parks and Services,Others,Division No. 11,917,3750.5,62.8,725.0,0,
1190989,5/14/2024,2024,Midblock,53.606114,-113.48382,5941605.664,34164.0759,NE,6670.0,6156.499343,6379.417708,945.0,915.2076503,949.5610687,14.17%,14.87%,14.88%,Collector,9893,50,7890,2,25842,Neighbourhood Mixed Use,Others,Division No. 11,465,1764.7,30.4,230.0,0,
1190990,5/14/2024,2024,Midblock,53.606115,-113.47517,5941609.962,34736.5824,NE,6416.0,5922.053941,6136.483361,891.0,871.9590164,909.9751908,13.89%,14.72%,14.83%,Collector,50406,50,2726,2,25835,Parks and Services,Others,Division No. 11,722,9613.8,44.8,580.0,0,
1190992,5/14/2024,2024,Midblock,53.606927,-113.461747,5941706.96,35624.3109,NE,6769.0,6247.87767,6474.104718,950.0,892.3278689,934.7671756,14.03%,14.28%,14.44%,Collector,4224,50,14873,2,31087,Small Scale Residential,Residential,Division No. 11,647,2930.3,45.6,515.0,0,
1190995,5/14/2024,2024,Midblock,53.606913,-113.456465,5941708.059,35973.9092,NE,6216.0,5737.451262,5945.196473,812.0,794.0491803,832.480916,13.06%,13.84%,14.00%,Collector,20706,50,992,2,30908,Parks and Services,Others,Division No. 11,647,2930.3,45.6,515.0,0,
1190999,5/14/2024,2024,Midblock,53.605261,-113.448126,5941528.463,36527.2471,NE,6585.0,6078.043205,6298.120781,798.0,764.557377,800.4160305,12.12%,12.58%,12.71%,Collector,8749,50,155,2,28352,Parks and Services,Others,Division No. 11,456,1272.7,55.7,395.0,0,
1191002,5/14/2024,2024,Midblock,53.604984,-113.434782,5941504.568,37410.6916,NE,4096.0,3780.662865,3917.555462,579.0,494.0437158,508.1450382,14.14%,13.07%,12.97%,Collector,9559,30,2590,2,22044,Parks and Services,Others,Division No. 11,530,3076.0,56.6,415.0,0,
1191008,5/14/2024,2024,Midblock,53.635273,-113.479743,5944852.601,34410.1924,NE,6115.0,5644.226909,5848.596595,901.0,918.3797814,913.6946565,14.73%,16.27%,15.62%,Collector,24258,40,1440,4,33220,Parks and Services,Others,Division No. 11,625,2347.0,56.4,550.0,0,
1193606,5/14/2024,2024,Midblock,53.605741,-113.479586,5941566.196,34444.6102,NE,6142.0,5669.148271,5874.420325,816.0,800.2513661,831.8969466,13.29%,14.12%,14.16%,Collector,21456,50,10626,2,25836,Parks and Services,Others,Division No. 11,465,1764.7,30.4,230.0,0,
1199193,5/14/2024,2024,Midblock,53.497039,-113.467223,5929475.447,35353.3566,SE,21508.0,19496.45188,20432.3231,4151.5,3718.296448,3907.020992,19.30%,19.07%,19.12%,Minor Arterial,23221,60,2926,2,18333,Business Employment,Commercial,Division No. 11,5,2.4,,,0,
1189766,5/15/2024,2024,Midblock,53.513522,-113.519961,5931284.87,31841.504,SW,939.0,820.7139205,870.0856089,122.0,109.6174863,112.3358779,12.99%,13.36%,12.91%,Local,1924,40,3571,2,21049,Small Scale Residential,Residential,Division No. 11,606,3074.6,56.7,600.0,0,
1189774,5/15/2024,2024,Midblock,53.514501,-113.528851,5931389.881,31251.1043,SW,1299.0,1135.364625,1203.664756,238.0,223.2978142,221.3358779,18.32%,19.67%,18.39%,Local,13988,40,2348,2,29624,Small Scale Residential,Residential,Division No. 11,451,2445.8,29.8,420.0,0,
1190357,5/17/2024,2024,Midblock,53.514199,-113.484385,5931376.694,34200.7353,SE,529.0,444.9774788,466.3373456,38.0,26.34972678,26.14122137,7.18%,5.92%,5.61%,Local,12286,40,6183,2,30750,Small Scale Residential,Residential,Division No. 11,1152,1963.9,65.6,1090.0,0,
1192089,5/23/2024,2024,Midblock,53.590715,-113.516557,5939876.769,32008.9871,NW,12446.0,11377.62242,11701.00607,1943.0,1795.311475,1859.496183,15.61%,15.78%,15.89%,Minor Arterial,22991,50,4603,3,19521,Urban Facilities,Others,Division No. 11,630,1988.0,46.5,505.0,0,
1192097,5/23/2024,2024,Midblock,53.595922,-113.516674,5940456.178,31997.3063,NW,16614.0,15187.83696,15619.51751,2540.0,2238.114754,2334.744275,15.29%,14.74%,14.95%,Minor Arterial,7847,50,7204,2,12787,Small Scale Residential,Residential,Division No. 11,445,2487.4,47.5,295.0,0,
1192106,5/23/2024,2024,Midblock,53.605947,-113.523282,5941568.863,31552.3727,NW,941.0,860.2235814,884.6735268,30.0,37.95355191,38.38931298,3.19%,4.41%,4.34%,Collector,3858,40,2501,2,30438,Parks and Services,Others,Division No. 11,858,3620.3,45.2,520.0,0,
1192109,5/23/2024,2024,Midblock,53.609756,-113.525549,5941991.746,31399.503,NW,1247.0,1139.956223,1172.356948,112.0,103.079235,106.5076336,8.98%,9.04%,9.08%,Collector,49890,30,6851,2,30109,Small-Medium Scale Transition Residential,Residential,Division No. 11,1260,3872.2,44.5,1000.0,0,
1192112,5/23/2024,2024,Midblock,53.592172,-113.527937,5940033.997,30938.6162,NW,5790.0,5292.980379,5443.421594,708.0,729.9453552,764.2328244,12.23%,13.79%,14.04%,Collector,3986,50,568,4,29441,Small Scale Residential,Residential,Division No. 11,531,2627.4,48.0,490.0,0,
1192116,5/23/2024,2024,Midblock,53.592192,-113.532707,5940065.088,29486.6257,NW,5906.0,5399.022818,5552.478055,710.0,729.7240437,763.8167939,12.02%,13.52%,13.76%,Collector,3988,50,568,4,29689,Small Scale Residential,Residential,Division No. 11,534,2880.3,48.1,530.0,0,
1192121,5/23/2024,2024,Midblock,53.592555,-113.554634,5933729.817,26337.091,NW,3175.0,2902.454698,2984.950529,263.0,276.1229508,289.5648855,8.28%,9.51%,9.70%,Collector,8496,40,571,2,29913,Neighbourhood Parks and Services,Residential,Division No. 11,650,2051.1,48.6,555.0,0,
1192125,5/23/2024,2024,Midblock,53.535796,-113.602737,5941745.821,29669.5061,NW,10648.0,9733.964606,10010.63094,1645.0,1341.595628,1442.450382,15.45%,13.78%,14.41%,Minor Arterial,7229,50,2029,3,13653,Small Scale Residential,Residential,Division No. 11,572,2152.8,69.0,500.0,0,
1192129,5/23/2024,2024,Midblock,53.607647,-113.551712,5940105.461,28597.5814,NW,3530.0,3226.981129,3318.700903,452.0,416.0218579,432.8358779,12.80%,12.89%,13.04%,Collector,3518,40,13971,2,14598,Small Scale Flex Residential,Residential,Division No. 11,3634,2733.6,63.8,2900.0,0,
1192137,5/23/2024,2024,Midblock,53.592967,-113.568058,5933260.619,26810.3384,NW,39722.0,36312.22221,37344.31651,8139.0,7195.258197,7552.70229,20.49%,19.81%,20.22%,Major Arterial,9203,60,7819,3,25162,Agriculture Zone,Agriculture,Division No. 11,5,2.7,,,0,
1192141,5/23/2024,2024,Midblock,53.531556,-113.595639,5933261.916,26527.5413,NW,9719.0,8884.710932,9137.239115,1653.0,1530.857923,1589.137405,17.01%,17.23%,17.39%,Collector,23804,50,12399,3,12884,Small Scale Residential,Residential,Division No. 11,506,2400.4,58.8,425.0,0,
1192144,5/23/2024,2024,Midblock,53.531582,-113.599904,5933261.657,25919.6616,NW,10087.0,9221.12143,9483.211334,1705.0,1579.825137,1643.423664,16.90%,17.13%,17.33%,Collector,20424,50,12399,3,12885,Small Scale Residential,Residential,Division No. 11,572,2152.8,69.0,500.0,0,
1192146,5/23/2024,2024,Midblock,53.53161,-113.609072,5933266.585,25680.8057,NW,18287.0,16717.2249,17192.3749,3254.0,2868.693989,3003.946565,17.79%,17.16%,17.47%,Collector,8650,50,10566,2,13559,Small Scale Residential,Residential,Division No. 11,576,2682.8,58.6,495.0,0,
1192150,5/23/2024,2024,Midblock,53.531666,-113.612674,5933327.833,36593.5192,NW,20631.0,18860.0135,19396.06752,3536.0,3139.846995,3296.564885,17.14%,16.65%,17.00%,Collector,5360,50,16184,2,23796,Small Scale Residential,Residential,Division No. 11,672,1880.8,66.2,355.0,0,
1195557,6/4/2024,2024,Midblock,53.53157,-113.448085,5933408.292,36347.9651,Downtown,3179.0,2929.231115,3054.942831,422.0,324.1857923,357.0267176,13.27%,11.07%,11.69%,Collector,11155,40,4835,2,8199,Parks and Services,Others,Division No. 11,470,1899.8,61.1,475.0,0,
1196123,6/4/2024,2024,Midblock,53.53231,-113.451779,5933161.992,38207.6979,Downtown,2256.0,2078.749731,2167.961946,177.0,175.2923497,179.1603053,7.85%,8.43%,8.26%,Collector,11151,40,2987,2,12933,Medium Scale Residential,Residential,Division No. 11,867,2962.1,46.5,645.0,0,
1195554,6/4/2024,2024,Midblock,53.529965,-113.423761,5933212.778,38005.3786,SE,2033.0,1858.462516,1947.672676,193.0,182.6639344,194.778626,9.49%,9.83%,10.00%,Collector,9598,50,5663,2,16521,Parks and Services,Others,Division No. 11,570,2300.2,64.3,490.0,0,
1196113,6/4/2024,2024,Midblock,53.530436,-113.426806,5933997.232,37471.8061,SE,674.0,616.1356301,645.7114528,64.0,51.7431694,55.75572519,9.50%,8.40%,8.63%,Local,7085,30,2426,2,588,Parks and Services,Others,Division No. 11,570,2300.2,64.3,490.0,0,
1196155,6/4/2024,2024,Midblock,53.537523,-113.434759,5932179.076,37737.1953,SE,24459.0,22359.14151,23432.42793,4806.0,4495.893443,4772.416031,19.65%,20.11%,20.37%,Minor Arterial,7116,60,1622,2,18904,Small Scale Residential,Residential,Division No. 11,484,2272.3,50.0,430.0,0,
1196302,6/4/2024,2024,Midblock,53.521167,-113.430975,5933344.778,37449.2005,SE,505.0,461.6446486,483.8045751,15.0,21.10655738,20.85877863,2.97%,4.57%,4.31%,Collector,9584,40,11302,2,106,Small Scale Residential,Residential,Division No. 11,490,1757.5,55.2,435.0,0,
1196312,6/4/2024,2024,Midblock,53.531662,-113.435178,5932522.628,37499.3552,SE,2942.0,2689.422884,2818.520911,360.0,285.726776,307.2977099,12.24%,10.62%,10.90%,Collector,9596,30,3963,2,12948,Parks and Services,Others,Division No. 11,630,2165.7,52.0,500.0,0,
1196730,6/4/2024,2024,Midblock,53.524271,-113.43452,5942129.687,35644.4764,SE,511.0,467.1295356,489.5527483,50.5,30.82786885,36.15267176,9.88%,6.60%,7.38%,Local,14419,30,1590,2,2038,Small Scale Residential,Residential,Division No. 11,347,2644.8,56.3,320.0,0,
1196681,6/6/2024,2024,Midblock,53.610724,-113.461394,5943467.138,35798.9692,NE,4020.0,3529.112078,3656.896368,614.0,587.6010929,592.0,15.27%,16.65%,16.19%,Collector,4222,40,4024,2,24902,Parks and Services,Others,Division No. 11,447,2679.9,50.0,390.0,0,
1196687,6/6/2024,2024,Midblock,53.622731,-113.458906,5943839.52,34759.5045,NE,1680.0,1474.852809,1528.255198,115.0,100.7459016,101.1641221,6.85%,6.83%,6.62%,Collector,23934,30,2135,2,12701,Small Scale Residential,Residential,Division No. 11,814,3611.4,53.7,810.0,0,
1196690,6/6/2024,2024,Midblock,53.626147,-113.474575,5944819.505,33851.9132,NE,3320.0,2914.590075,3020.123368,415.0,354.0327869,360.7748092,12.50%,12.15%,11.95%,Collector,22782,40,3962,2,23971,Parks and Services,Others,Division No. 11,838,2209.9,57.7,650.0,0,
1196792,6/6/2024,2024,Midblock,53.635012,-113.488187,5931561.646,28806.1973,NE,3424.0,3005.890487,3114.729642,384.0,354.0874317,358.221374,11.21%,11.78%,11.50%,Collector,4334,30,12416,2,21592,Small Scale Residential,Residential,Division No. 11,940,3066.9,54.9,810.0,0,
1196351,6/6/2024,2024,Midblock,53.516184,-113.565694,5932990.9,28802.923,NW,2339.0,2112.557227,2172.601976,287.0,240.602459,255.8129771,12.27%,11.39%,11.77%,Collector,9291,40,12073,4,22222,Parks and Services,Others,Division No. 11,492,3324.3,39.1,320.0,0,
1196674,6/6/2024,2024,Midblock,53.529027,-113.565612,5932124.9,28498.2177,NW,23983.0,21661.16288,22276.83335,4919.0,4452.174863,4550.580153,20.51%,20.55%,20.43%,Minor Arterial,22658,60,13503,4,16095,River Valley,Others,Division No. 11,641,1404.2,60.0,525.0,0,
1196689,6/6/2024,2024,Midblock,53.521262,-113.570286,5933479.775,26120.6182,NW,963.0,869.770248,894.4915362,117.0,85.54098361,94.73664122,12.15%,9.83%,10.59%,Collector,8734,30,863,2,17041,Small Scale Residential,Residential,Division No. 11,539,2409.5,63.4,505.0,0,
1196691,6/6/2024,2024,Midblock,53.53356,-113.606023,5944615.497,32733.4492,NW,1975.0,1783.796718,1834.49718,172.0,174.9972678,188.8931298,8.71%,9.81%,10.30%,Local,10442,40,12125,2,13847,Parks and Services,Others,Division No. 11,1020,3790.4,26.3,685.0,0,
1196695,6/6/2024,2024,Midblock,53.63325,-113.505118,5945340.361,32350.7022,NW,2920.0,2637.309579,2712.269248,291.0,231.0983607,236.148855,9.97%,8.76%,8.71%,Collector,9775,40,12236,2,8188,Parks and Services,Others,Division No. 11,859,2357.9,55.7,745.0,0,
1196701,6/6/2024,2024,Midblock,53.639787,-113.510829,5945222.645,33374.9335,NW,4941.0,4462.652955,4589.493957,806.0,692.4945355,688.8473282,16.31%,15.52%,15.01%,Collector,25257,50,15339,2,27926,Public Utility,Others,Division No. 11,1909,3524.1,56.1,1435.0,0,
1196718,6/6/2024,2024,Midblock,53.638665,-113.495355,5931275.151,26198.013,NW,10702.0,9665.920243,9940.652566,1802.0,1606.409836,1598.152672,16.84%,16.62%,16.08%,Collector,19266,50,1629,2,27924,Small-Medium Scale Transition Residential,Residential,Division No. 11,1909,3524.1,56.1,1435.0,0,
1196725,6/6/2024,2024,Midblock,53.513746,-113.60504,5932528.5,28546.5813,NW,605.0,546.4288682,561.9598956,54.0,42.79508197,48.13740458,8.93%,7.83%,8.57%,Local,1791,40,11571,2,27807,Parks and Services,Others,Division No. 11,704,2156.2,54.2,590.0,0,
1196732,6/6/2024,2024,Midblock,53.524886,-113.56952,5932720.359,26581.5103,NW,2357.0,2128.814615,2189.321444,360.0,281.6680328,302.3816794,15.27%,13.23%,13.81%,Collector,8744,30,9224,2,18216,Parks and Services,Others,Division No. 11,641,1404.2,60.0,525.0,0,
1196738,6/6/2024,2024,Midblock,53.526713,-113.599136,5941821.413,33303.0838,NW,1425.0,1287.043202,1323.624547,172.0,165.8579235,183.5801527,12.07%,12.89%,13.87%,Collector,9838,30,3897,2,28519,Neighbourhood Parks and Services,Residential,Division No. 11,742,2044.1,52.1,595.0,0,
1196798,6/6/2024,2024,Midblock,53.608108,-113.496805,5938758.234,40510.036,NW,1818.0,1641.996169,1688.666265,240.0,254.5464481,258.610687,13.20%,15.50%,15.31%,Collector,33278,40,6096,2,30468,Site Specific Development Control Provision,Direct Control Provisions,Division No. 11,573,1508.3,59.7,385.0,0,
1203975,6/25/2024,2024,Midblock,53.580077,-113.388315,5940532.023,30374.537,NE,4604.0,4187.941152,4339.580735,633.0,582.784153,588.9160305,13.75%,13.92%,13.57%,Collector,20331,30,7633,2,32213,Small Scale Residential,Residential,Division No. 11,593,2094.7,56.4,505.0,0,
1203948,6/25/2024,2024,Midblock,53.5967,-113.541178,5934405.816,37518.4152,NW,26565.0,25656.57622,26385.80743,4800.0,4471.885246,4516.919847,18.07%,17.43%,17.12%,Minor Arterial,7934,50,16806,3,23561,Neighbourhood Commercial,Commercial,Division No. 11,955,2731.7,34.4,755.0,0,
1203954,6/25/2024,2024,Midblock,53.541191,-113.434007,5923358.94,35447.3659,SE,12161.0,11116.95163,11650.58899,1764.0,1735.961749,1818.080153,14.51%,15.62%,15.61%,Minor Arterial,23290,50,10374,4,5548,Medium Scale Residential,Residential,Division No. 11,551,1942.9,54.5,330.0,0,
1204672,6/25/2024,2024,Midblock,53.442072,-113.466496,5933775.886,33940.3204,SE,36102.0,33002.56457,34586.75796,7319.0,6968.612022,7155.332061,20.27%,21.12%,20.69%,Minor Arterial,25821,70,13803,3,9745,Small Scale Residential,Residential,Division No. 11,5,1.8,,,0,
1206012,7/3/2024,2024,Midblock,53.535774,-113.488051,5939002.213,38521.1848,Downtown,42481.0,39369.41356,41069.95092,9795.0,10400.42623,10814.39313,23.06%,26.42%,26.33%,Minor Arterial,23779,60,16147,3,12523,River Valley,Others,Division No. 11,378,1438.9,62.3,385.0,0,
1206020,7/3/2024,2024,Midblock,53.548391,-113.468878,5938795.888,29335.2878,Downtown,9781.0,9064.575552,9456.114262,1620.0,1777.480874,1854.931298,16.56%,19.61%,19.62%,Minor Arterial,9753,50,11140,2,12868,River Valley,Others,Division No. 11,682,2160.3,67.3,550.0,0,
1206161,7/3/2024,2024,Midblock,53.582419,-113.418314,5936024.97,37192.828,NE,26490.0,25682.27345,26612.19322,4427.0,4166.699454,4237.885496,16.71%,16.22%,15.92%,Major Arterial,19789,60,11706,3,29805,Small Scale Residential,Residential,Division No. 11,497,2257.0,47.0,415.0,0,
1205816,7/3/2024,2024,Midblock,53.581159,-113.557039,5928363.34,38175.6751,NW,41911.0,38042.43599,39123.70778,8385.0,8459.830601,8925.923664,20.01%,22.24%,22.81%,Major Arterial,21459,60,7819,4,25146,Business Commercial,Commercial,Division No. 11,562,1198.8,48.4,455.0,0,
1205593,7/3/2024,2024,Midblock,53.555763,-113.438726,5937673.769,42207.1168,SE,53822.0,48077.25457,50385.0652,10627.0,10684.45628,10842.35496,19.74%,22.22%,21.52%,Minor Arterial,22522,80,3468,3,13667,River Valley,Others,Division No. 11,670,759.3,42.9,525.0,0,
1205595,7/3/2024,2024,Midblock,53.486849,-113.424828,5927807.582,41901.0186,SE,75941.0,67835.36081,71091.60262,17473.0,16055.5,16854.32824,23.01%,23.67%,23.71%,Major Arterial,20368,80,10544,3,16379,Business Employment,Commercial,Division No. 11,555,342.0,56.8,405.0,0,
1205810,7/3/2024,2024,Midblock,53.570199,-113.362838,5930414.616,28753.676,SE,3139.0,2803.955671,2938.551515,456.0,392.3688525,451.629771,14.53%,13.99%,15.37%,Minor Arterial,21559,60,6934,4,23567,Medium Industrial,Industrial,Division No. 11,25,1.4,,,0,
1205826,7/3/2024,2024,Midblock,53.481572,-113.368778,5933806.343,30544.1012,SE,36022.0,32177.15552,33721.72752,8183.0,7241.568306,7558.320611,22.72%,22.51%,22.41%,Major Arterial,33220,80,10544,1,5105,Direct Development Control Provision,Direct Control Provisions,Division No. 11,1137,2850.3,65.3,980.0,0,
1205804,7/3/2024,2024,Midblock,53.50588,-113.566591,5940970.324,38768.3127,SW,112010.0,104902.5005,111213.1204,23538.0,21900.13115,22349.48473,21.01%,20.88%,20.10%,Major Arterial,23500,80,10544,5,12774,River Valley,Others,Division No. 11,356,996.1,60.0,250.0,0,
1205585,7/4/2024,2024,Midblock,53.536256,-113.539274,5934558.879,29953.5858,Downtown,32183.0,29447.02088,30720.81779,7436.0,7366.95082,7805.450382,23.11%,25.02%,25.41%,Minor Arterial,23862,60,11394,2,1034,River Valley,Others,Division No. 11,1384,1581.2,63.8,1300.0,0,
1205716,7/4/2024,2024,Midblock,53.600085,-113.414338,5937738.307,24434.5968,NE,24824.0,23543.12526,24395.58941,4029.0,3818.497268,3838.225191,16.23%,16.22%,15.73%,Major Arterial,22956,60,17394,3,30039,Future Urban Development,Others,Division No. 11,389,1201.7,58.2,335.0,0,
1205582,7/4/2024,2024,Midblock,53.543052,-113.548109,5938562.46,27094.1702,NW,21318.0,19012.12558,19552.50304,4971.0,5044.035519,5087.09542,23.32%,26.53%,26.02%,Minor Arterial,6286,50,14481,3,24450,River Valley,Others,Division No. 11,434,1603.3,58.8,340.0,0,
1205704,7/4/2024,2024,Midblock,53.571907,-113.63112,5931154.333,31443.3094,NW,59850.0,53376.28839,54893.39088,12667.0,11645.22131,12616.48092,21.16%,21.82%,22.98%,Major Arterial,8438,90,533,3,22262,Medium Industrial,Industrial,Division No. 11,134,7.3,52.0,125.0,0,
1205778,7/4/2024,2024,Midblock,53.579182,-113.590899,5939901.191,39524.8044,NW,34306.0,30595.27067,31464.87331,5922.0,4884.027322,5515.633588,17.26%,15.96%,17.53%,Minor Arterial,30206,60,2804,3,25785,Medium Industrial,Industrial,Division No. 11,20,3.3,,,0,
1258407,7/4/2024,2024,Midblock,53.512373,-113.525977,5935407.402,23873.3322,SW,33840.0,31405.6349,33294.90372,7982.0,8023.942623,8442.267176,23.59%,25.55%,25.36%,Minor Arterial,30012,50,575,2,28925,Parks and Services,Others,Division No. 11,552,3447.8,59.5,420.0,0,
1206797,7/10/2024,2024,Midblock,53.590422,-113.403046,5935411.064,34856.1727,NE,6273.0,6081.725231,6301.936128,729.0,758.6666667,775.4885496,11.62%,12.47%,12.31%,Collector,22650,40,12294,4,28240,River Valley,Others,Division No. 11,662,2334.3,53.6,550.0,0,
1207693,7/16/2024,2024,Midblock,53.550988,-113.639771,5933720.204,33748.7159,NW,16993.0,15665.7789,16111.04389,2919.0,2540.532787,2915.366412,17.18%,16.22%,18.10%,Minor Arterial,28341,60,2581,5,33039,Medium Industrial,Industrial,Division No. 11,141,14.9,,,0,
1209170,7/23/2024,2024,Midblock,53.550407,-113.474055,5933931.162,32520.5848,Downtown,18436.0,17216.78809,17960.77244,4950.0,5077.896175,4982.874046,26.85%,29.49%,27.74%,Minor Arterial,8104,50,7414,4,21987,River Valley,Others,Division No. 11,619,12842.3,49.1,560.0,0,
1209177,7/23/2024,2024,Midblock,53.535286,-113.490947,5938198.815,40838.1545,Downtown,45361.0,42361.18054,44191.72265,10815.0,10445.23497,10860.38168,23.84%,24.66%,24.58%,Minor Arterial,21440,60,8120,3,22975,Direct Development Control Provision,Direct Control Provisions,Division No. 11,378,1438.9,62.3,385.0,0,
1209188,7/23/2024,2024,Midblock,53.537259,-113.509449,5934064.123,28795.9816,Downtown,3616.0,3376.866225,3522.789822,726.0,832.0163934,823.7633588,20.08%,24.64%,23.38%,Collector,9223,40,8022,2,12299,Large Scale Residential,Residential,Division No. 11,561,13750.0,54.7,585.0,0,
1210279,7/23/2024,2024,Midblock,53.575025,-113.383434,5926067.995,22277.4143,NE,20716.0,19927.07364,20648.60554,3394.0,3461.532787,3420.732824,16.38%,17.37%,16.57%,Minor Arterial,20059,60,2028,2,31776,Small-Medium Scale Transition Residential,Residential,Division No. 11,1210,2481.5,47.8,930.0,0,
1209184,7/23/2024,2024,Midblock,53.538671,-113.565618,5931809.987,35027.2178,NW,21438.0,19763.60667,20325.34331,4673.0,4882.092896,5007.221374,21.80%,24.70%,24.64%,Minor Arterial,22655,60,1404,2,20236,River Valley,Others,Division No. 11,566,1670.6,64.4,505.0,0,
1209203,7/23/2024,2024,Midblock,53.512139,-113.63001,5927617.158,34112.2216,NW,32339.0,29813.19508,30660.56896,6503.0,6545.877049,6531.335878,20.11%,21.96%,21.30%,Minor Arterial,19105,60,17473,3,10207,Small Scale Flex Residential,Residential,Division No. 11,695,3207.2,62.3,610.0,0,
1210253,7/23/2024,2024,Midblock,53.467136,-113.664515,5930110.574,29134.911,NW,8171.0,7532.812301,7746.915766,1698.0,1622.718579,1639.534351,20.78%,21.54%,21.16%,Minor Arterial,7215,60,1417,3,27318,River Valley,Others,Division No. 11,973,614.7,67.8,730.0,0,
1209952,7/23/2024,2024,Midblock,53.518038,-113.471877,5924803.21,29997.7687,SE,20897.0,18916.41216,19824.44024,4350.0,4582.923497,4466.236641,20.82%,24.23%,22.53%,Minor Arterial,6944,50,13342,2,18058,River Valley,Others,Division No. 11,629,1851.1,58.6,495.0,0,
1209953,7/23/2024,2024,Midblock,53.480423,-113.486128,5923700.768,32098.9992,SE,21985.0,19901.29308,20856.59754,4475.0,4204.636612,4442.110687,20.35%,21.13%,21.30%,Minor Arterial,20944,60,13067,3,20000,Business Employment,Commercial,Division No. 11,52,7.8,,,0,
1209189,7/23/2024,2024,Midblock,53.503127,-113.560873,5934184.576,31218.9677,SW,37224.0,35230.17084,37349.51227,9090.0,9592.571038,9709.679389,24.42%,27.23%,26.00%,Minor Arterial,7045,70,4004,3,17454,River Valley,Others,Division No. 11,638,246.8,63.3,395.0,0,
1209205,7/23/2024,2024,Midblock,53.455388,-113.548375,5926705.781,27999.7781,SW,26651.0,25223.49245,26740.86212,4995.0,5188.314208,5383.133588,18.74%,20.57%,20.13%,Minor Arterial,25948,60,1436,2,9251,River Valley,Others,Division No. 11,904,1360.8,64.8,895.0,0,
1209256,7/23/2024,2024,Midblock,53.406669,-113.518083,5935446.643,30955.995,SW,8757.0,8287.948797,8786.526945,1846.0,1512.915301,1555.541985,21.08%,18.25%,17.70%,Minor Arterial,8123,60,3400,3,20890,River Valley,Others,Division No. 11,4180,3692.6,63.7,3210.0,0,
1209258,7/23/2024,2024,Midblock,53.445358,-113.516854,5937637.575,34966.3909,SW,27741.0,26255.10878,27834.5374,5478.0,5586.879781,5724.156489,19.75%,21.28%,20.56%,Minor Arterial,24584,60,2033,3,16622,River Valley,Others,Division No. 11,862,1275.5,43.7,790.0,0,
1210547,7/24/2024,2024,Midblock,53.539615,-113.529057,5937652.89,37454.3875,Downtown,12697.0,11766.98863,12275.25639,3018.0,2973.980874,3090.198473,23.77%,25.27%,25.17%,Minor Arterial,23996,60,16346,3,4628,River Valley,Others,Division No. 11,1384,1581.2,63.8,1300.0,0,
1219543,8/27/2024,2024,Midblock,53.472594,-113.578285,5937312.467,38109.5926,SW,36574.0,34208.78763,36266.68571,8968.0,8263.715847,8313.145038,24.52%,24.16%,22.92%,Minor Arterial,19608,70,2956,2,31375,Small Scale Residential,Residential,Division No. 11,939,1876.5,52.1,815.0,0,
1225249,9/10/2024,2024,Midblock,53.550971,-113.532899,5938187.173,38881.2925,Downtown,23406.0,21362.95106,22277.26529,5927.0,5250.169399,5430.503817,25.32%,24.58%,24.38%,Minor Arterial,8051,50,1585,5,17551,Mixed Use,Others,Division No. 11,1251,4461.5,68.2,1225.0,0,
1222464,9/10/2024,2024,Midblock,53.570406,-113.472143,5937276.593,39908.5432,NE,15495.0,13797.84308,14297.44398,2773.0,2472.680328,2500.152672,17.90%,17.92%,17.49%,Minor Arterial,6699,50,2400,3,20662,Neighbourhood Parks and Services,Residential,Division No. 11,638,4412.2,41.5,470.0,0,
1222694,9/10/2024,2024,Midblock,53.570372,-113.434584,5937639.841,36036.3693,NE,12813.0,11409.60074,11822.72667,1957.0,1781.969945,1806.896947,15.27%,15.62%,15.28%,Minor Arterial,5345,50,12158,3,10720,Medium Scale Residential,Residential,Division No. 11,513,2003.1,53.7,475.0,0,
1222711,9/10/2024,2024,Midblock,53.567266,-113.424735,5936332.12,31536.4798,NE,13527.0,12045.3968,12481.54403,2470.0,2325.161202,2353.209924,18.26%,19.30%,18.85%,Minor Arterial,21600,50,10794,3,5967,Neighbourhood Parks and Services,Residential,Division No. 11,386,2113.9,67.2,305.0,0,
1223038,9/10/2024,2024,Midblock,53.575069,-113.412978,5943558.739,33013.252,NE,3110.0,2769.363794,2869.638644,456.0,413.4726776,411.4465649,14.66%,14.93%,14.34%,Collector,8686,40,6922,2,1138,Small Scale Residential,Residential,Division No. 11,455,3202.0,44.9,445.0,0,
1225258,9/10/2024,2024,Midblock,53.56681,-113.397586,5936334.982,31896.0022,NE,2087.0,1858.412295,1925.702845,289.0,268.3333333,263.6908397,13.85%,14.44%,13.69%,Collector,4798,30,11074,2,2330,Parks and Services,Others,Division No. 11,623,2876.3,37.6,545.0,0,
1228241,9/10/2024,2024,Midblock,53.570354,-113.455991,5943683.28,32566.8588,NE,19588.0,17442.53955,18074.10989,3696.0,3057.013661,3102.118321,18.87%,17.53%,17.16%,Minor Arterial,23791,50,4125,2,23390,Urban Facilities,Others,Division No. 11,595,532.6,60.6,520.0,0,
1222485,9/10/2024,2024,Midblock,53.558893,-113.524051,5936939.666,33241.0542,NW,25394.0,24770.98535,25475.04561,5257.0,4537.928962,4741.877863,20.70%,18.32%,18.61%,Minor Arterial,20870,60,5823,3,21099,Site Specific Development Control Provision,Direct Control Provisions,Division No. 11,593,1223.7,45.3,585.0,0,
1222500,9/10/2024,2024,Midblock,53.623737,-113.501,5935971.634,29306.2035,NW,747.0,728.6731534,749.38407,42.0,33.39071038,34.9389313,5.62%,4.58%,4.66%,Local,28875,40,1966,2,27641,Parks and Services,Others,Division No. 11,1105,2732.4,45.1,865.0,0,
1222575,9/10/2024,2024,Midblock,53.558897,-113.518625,5935985.467,26822.6365,NW,24495.0,23894.04135,24573.17643,5031.0,4379.833333,4564.255725,20.54%,18.33%,18.57%,Minor Arterial,5545,60,5823,3,19709,Small Scale Residential,Residential,Division No. 11,616,3969.1,56.5,540.0,0,
1222583,9/10/2024,2024,Midblock,53.624884,-113.507734,5935437.881,28282.592,NW,2588.0,2524.506186,2596.259669,270.0,252.6584699,265.5038168,10.43%,10.01%,10.23%,Collector,9779,30,12317,2,28664,Public Utility,Others,Division No. 11,1105,2732.4,45.1,865.0,0,
1222600,9/10/2024,2024,Midblock,53.564247,-113.498262,5934913.31,26762.7793,NW,514.0,501.3895594,515.6404444,43.0,36.9863388,39.26335878,8.37%,7.38%,7.61%,Local,4600,40,103,2,23984,Parks and Services,Others,Division No. 11,414,1749.0,57.5,365.0,0,
1222626,9/10/2024,2024,Midblock,53.555783,-113.557743,5928136.304,31275.2003,NW,871.0,849.6309459,873.7798192,80.0,58.65300546,64.16412214,9.18%,6.90%,7.34%,Collector,9030,30,194,2,16861,Medium Scale Residential,Residential,Division No. 11,645,2875.6,72.3,470.0,0,
1222668,9/10/2024,2024,Midblock,53.55604,-113.59522,5929299.925,32882.0849,NW,1207.0,1177.387545,1210.852172,114.0,77.0,80.98854962,9.44%,6.54%,6.69%,Collector,3568,40,674,2,26575,Small Scale Residential,Residential,Division No. 11,476,1959.7,63.5,370.0,0,
1222692,9/10/2024,2024,Midblock,53.551043,-113.573238,5927107.341,32869.0423,NW,31731.0,30952.51383,31832.27031,7914.0,6997.972678,7316.278626,24.94%,22.61%,22.98%,Minor Arterial,6050,60,4741,2,26142,Small Scale Residential,Residential,Division No. 11,649,2564.2,65.7,540.0,0,
1225242,9/10/2024,2024,Midblock,53.546409,-113.596215,5924071.823,33136.7911,NW,1060.0,1033.994033,1063.383018,118.0,98.94808743,104.6450382,11.13%,9.57%,9.84%,Collector,9356,40,464,2,27862,Small Scale Residential,Residential,Division No. 11,405,2149.7,50.0,320.0,0,
1223047,9/10/2024,2024,Midblock,53.485264,-113.528812,5926726.985,32921.0835,SW,559.0,487.727958,517.0682094,17.0,14.54918033,15.67938931,3.04%,2.98%,3.03%,Collector,4418,40,7876,2,21361,Parks and Services,Others,Division No. 11,702,1684.7,60.8,625.0,0,
1225086,9/10/2024,2024,Midblock,53.491978,-113.521874,5925814.314,32985.4066,SW,597.0,520.8829891,552.2177478,46.0,47.22677596,49.64122137,7.71%,9.07%,8.99%,Local,415,40,3374,2,6979,Public Utility,Others,Division No. 11,543,2000.0,47.9,480.0,0,
1225094,9/10/2024,2024,Midblock,53.495622,-113.504482,5935619.508,33550.4395,SW,4740.0,4135.653883,4384.44242,1023.0,926.5765027,944.9122137,21.58%,22.40%,21.55%,Collector,49946,30,486,2,20977,Small Scale Residential,Residential,Division No. 11,695,2484.8,48.8,645.0,0,
1225107,9/10/2024,2024,Midblock,53.475921,-113.504908,5935814.551,32574.415,SW,6802.0,5934.750573,6291.767371,1154.0,1017.117486,1068.675573,16.97%,17.14%,16.99%,Collector,20712,30,7386,2,31687,Neighbourhood Commercial,Commercial,Division No. 11,355,1688.9,47.3,275.0,0,
1225174,9/10/2024,2024,Midblock,53.448628,-113.501195,5937031.072,33419.6255,SW,4020.0,3507.453293,3718.451166,535.0,461.7486339,460.5076336,13.31%,13.16%,12.38%,Collector,10432,30,1890,4,22276,Parks and Services,Others,Division No. 11,607,3587.5,60.8,510.0,0,
1225230,9/10/2024,2024,Midblock,53.4725,-113.504164,5935309.18,37632.2622,SW,6297.0,5494.137659,5824.648506,1197.0,1017.210383,1072.339695,19.01%,18.51%,18.41%,Collector,6115,50,9802,2,13969,Parks and Services,Others,Division No. 11,421,2726.7,66.2,370.0,0,
1228135,9/10/2024,2024,Midblock,53.464295,-113.503291,5935308.091,36873.845,SW,7355.0,6417.243526,6803.285654,1205.0,1071.437158,1115.98855,16.38%,16.70%,16.40%,Collector,10635,30,1503,4,14201,Small Scale Residential,Residential,Division No. 11,244,1399.9,51.3,195.0,0,
1225190,9/11/2024,2024,Midblock,53.552365,-113.493734,5940056.064,34714.2716,Downtown,19316.0,17651.19977,18406.25864,5004.0,4521.674863,4662.965649,25.91%,25.62%,25.33%,Minor Arterial,9087,50,5035,4,17506,Mixed Use,Others,Division No. 11,580,2712.8,32.7,490.0,0,
1228813,9/11/2024,2024,Midblock,53.554179,-113.508441,5939731.819,35822.6642,Downtown,27051.0,24719.53847,25776.95706,7517.0,6804.896175,6879.164122,27.79%,27.53%,26.69%,Minor Arterial,5430,50,12062,3,28911,Parks and Services,Others,Division No. 11,596,2121.0,61.2,490.0,0,
1225195,9/11/2024,2024,Midblock,53.565057,-113.495557,5940076.461,35979.879,NW,892.0,874.3492129,899.200648,90.0,54.6010929,61.08015267,10.09%,6.24%,6.79%,Local,11719,30,16545,2,19419,Parks and Services,Others,Division No. 11,414,1749.0,57.5,365.0,0,
1225207,9/11/2024,2024,Midblock,53.5493,-113.432181,5940072.361,35571.6516,SE,15756.0,14193.45481,14874.77088,2666.0,2154.931694,2302.572519,16.92%,15.18%,15.48%,Minor Arterial,5245,50,11000,2,5965,Small Scale Residential,Residential,Division No. 11,528,1722.1,55.8,475.0,0,
1228894,9/11/2024,2024,Midblock,53.549344,-113.443624,5940081.768,36410.0793,SE,12049.0,10854.08333,11375.10246,1963.0,1632.806011,1736.526718,16.29%,15.04%,15.27%,Minor Arterial,7309,50,8514,4,15823,Small Scale Residential,Residential,Division No. 11,643,1387.9,49.6,595.0,0,
1225672,9/12/2024,2024,Midblock,53.592154,-113.47568,5939662.222,34214.3226,NE,5543.0,4920.997754,5099.180307,850.0,651.0081967,703.9923664,15.33%,13.23%,13.81%,Collector,4101,50,5447,4,29675,Parks and Services,Others,Division No. 11,534,2239.9,53.0,415.0,0,
1228018,9/12/2024,2024,Midblock,53.589166,-113.458977,5928574.212,23775.1366,NE,1381.0,1226.032455,1270.425402,173.0,165.6584699,164.629771,12.53%,13.51%,12.96%,Collector,4809,40,948,2,30407,Parks and Services,Others,Division No. 11,535,1771.5,51.7,445.0,0,
1228857,9/12/2024,2024,Midblock,53.592252,-113.456563,5937019.045,25485.099,NE,3018.0,2679.338124,2776.353269,440.0,415.2103825,432.870229,14.58%,15.50%,15.59%,Collector,8785,30,4318,4,29446,Parks and Services,Others,Division No. 11,499,1735.0,48.8,400.0,0,
1228863,9/12/2024,2024,Midblock,53.592243,-113.462729,5930106.794,24289.2653,NE,3632.0,3224.438723,3341.19121,504.0,467.6393443,487.5572519,13.88%,14.50%,14.59%,Collector,4117,50,10043,3,28958,Small Scale Residential,Residential,Division No. 11,448,3333.3,55.7,395.0,0,
1228864,9/12/2024,2024,Midblock,53.59227,-113.450065,5932575.927,23941.6292,NE,3229.0,2866.660968,2970.458815,400.0,388.4153005,406.8854962,12.39%,13.55%,13.70%,Collector,6938,50,9273,4,28956,Small Scale Residential,Residential,Division No. 11,535,1771.5,51.7,445.0,0,
1228868,9/12/2024,2024,Midblock,53.588648,-113.483274,5931562.545,24973.7892,NE,861.0,764.3837392,792.0610219,107.0,86.27868852,91.15267176,12.43%,11.29%,11.51%,Collector,9070,40,8392,2,1106,Parks and Services,Others,Division No. 11,469,1653.7,55.6,450.0,0,
1225267,9/12/2024,2024,Midblock,53.489591,-113.641771,5929732.65,25162.4136,NW,2893.0,2753.038582,2831.287592,383.0,315.9644809,324.8091603,13.24%,11.48%,11.47%,Collector,10814,40,1716,2,2535,Small Scale Residential,Residential,Division No. 11,247,1124.3,43.5,230.0,0,
1228798,9/12/2024,2024,Midblock,53.565394,-113.61532,5927412.497,31777.8933,NW,33222.0,31614.74171,32513.32056,6973.0,6290.174863,6561.755725,20.99%,19.90%,20.18%,Minor Arterial,5819,60,14654,3,26263,Business Employment,Commercial,Division No. 11,141,14.9,,,0,
1228822,9/12/2024,2024,Midblock,53.503339,-113.633906,5928450.316,30189.1187,NW,1314.0,1250.429553,1285.970237,106.0,101.2786885,102.6068702,8.07%,8.10%,7.98%,Local,50353,40,11022,2,8575,Small-Medium Scale Transition Residential,Residential,Division No. 11,930,3954.1,65.4,780.0,0,
1228828,9/12/2024,2024,Midblock,53.525542,-113.638957,5927140.852,30956.3279,NW,4506.0,4288.002714,4409.879671,741.0,665.3005464,687.6984733,16.44%,15.52%,15.59%,Collector,4663,40,3275,2,23167,Small-Medium Scale Transition Residential,Residential,Division No. 11,461,7305.9,59.4,345.0,0,
1228835,9/12/2024,2024,Midblock,53.516388,-113.623473,5928473.954,31759.9471,NW,3704.0,3524.802941,3624.987639,777.0,741.4535519,723.870229,20.98%,21.04%,19.97%,Collector,50888,30,2256,2,6299,Small-Medium Scale Transition Residential,Residential,Division No. 11,400,1946.5,66.1,310.0,0,
1228882,9/12/2024,2024,Midblock,53.499936,-113.620776,5934497.826,33551.4514,NW,3367.0,3204.106777,3295.176398,476.0,468.0355191,481.4923664,14.14%,14.61%,14.61%,Collector,20876,30,6620,4,11027,Parks and Services,Others,Division No. 11,755,6365.9,53.8,595.0,0,
1225589,9/12/2024,2024,Midblock,53.512365,-113.50198,5935931.48,33741.462,SW,7764.0,7253.999399,7690.378251,1868.0,1617.497268,1578.339695,24.06%,22.30%,20.52%,Collector,21401,30,13308,4,22884,Parks and Services,Others,Division No. 11,803,5117.9,62.0,710.0,0,
1225599,9/12/2024,2024,Midblock,53.47873,-113.521312,5940255.295,34443.9981,SW,3823.0,3571.875284,3786.74859,486.0,366.704918,396.240458,12.71%,10.27%,10.46%,Collector,19930,40,3864,2,31618,Small Scale Residential,Residential,Division No. 11,486,2572.8,67.0,440.0,0,
1225607,9/12/2024,2024,Midblock,53.488149,-113.545144,5943095.898,39278.6578,SW,1330.0,1242.635137,1317.38834,144.0,115.6393443,119.9923664,10.83%,9.31%,9.11%,Collector,4869,40,4610,2,28532,Small Scale Residential,Residential,Division No. 11,383,1712.9,52.8,360.0,0,
1228773,9/12/2024,2024,Midblock,53.476338,-113.533714,5943591.745,38283.5367,SW,8817.0,8237.830075,8733.393231,990.0,730.3224044,799.9045802,11.23%,8.87%,9.16%,Collector,10147,30,1768,2,19802,Parks and Services,Others,Division No. 11,682,2788.2,58.8,570.0,0,
1228783,9/12/2024,2024,Midblock,53.488269,-113.521475,5943584.542,38369.3421,SW,9717.0,9078.710995,9624.859025,1873.0,1460.546448,1564.534351,19.28%,16.09%,16.26%,Minor Arterial,7222,50,10155,2,19450,Parks and Services,Others,Division No. 11,702,1684.7,60.8,625.0,0,
1228789,9/12/2024,2024,Midblock,53.488278,-113.524832,5943719.589,33615.7624,SW,9143.0,8542.41583,9056.301952,1799.0,1328.84153,1446.839695,19.68%,15.56%,15.98%,Minor Arterial,8665,50,10155,2,19456,Small Scale Residential,Residential,Division No. 11,616,2537.1,56.3,595.0,0,
1228843,9/12/2024,2024,Midblock,53.488282,-113.534721,5937377.692,33663.2173,SW,9357.0,8742.358627,9268.272707,1844.0,1344.10929,1479.725191,19.71%,15.37%,15.97%,Minor Arterial,50707,50,10773,2,20322,Site Specific Development Control Provision,Direct Control Provisions,Division No. 11,872,4711.0,56.1,740.0,0,
1228852,9/12/2024,2024,Midblock,53.475807,-113.514027,5931808.056,34400.7071,SW,4860.0,4540.756965,4813.915289,845.0,719.4262295,747.3167939,17.39%,15.84%,15.52%,Collector,21533,50,7603,2,19988,Small Scale Residential,Residential,Division No. 11,449,2392.1,51.5,340.0,0,
1225795,9/17/2024,2024,Midblock,53.542286,-113.493839,5931814.626,35647.7396,Downtown,12570.0,11472.79735,11963.8223,3372.0,3261.295082,3299.965649,26.83%,28.43%,27.58%,Minor Arterial,9088,40,4470,6,17497,Core Commercial Arts Zone,Commercial,Division No. 11,841,6342.4,53.5,785.0,0,
1228311,9/17/2024,2024,Midblock,53.555156,-113.490818,5924328.686,31523.9688,Downtown,13635.0,12444.83627,12977.46357,2818.0,2814.565574,2908.675573,20.67%,22.62%,22.41%,Minor Arterial,5227,50,14904,3,26041,Mixed Use,Others,Division No. 11,445,3255.3,46.4,420.0,0,
1228288,9/17/2024,2024,Midblock,53.593962,-113.47974,5925050.122,31316.4514,NE,5261.0,4684.766212,4854.395146,750.0,552.9836066,620.0038168,14.26%,11.80%,12.77%,Collector,15594,30,13937,2,23193,Small-Medium Scale Transition Residential,Residential,Division No. 11,559,1700.1,48.3,445.0,0,
1228324,9/17/2024,2024,Midblock,53.619146,-113.406361,5928954.267,27987.6056,NE,2224.0,1980.406777,2052.11458,329.0,313.7076503,314.2709924,14.79%,15.84%,15.31%,Collector,26953,30,8818,2,8707,Neighbourhood Parks and Services,Residential,Division No. 11,1935,5203.0,62.4,1330.0,0,
1228903,9/17/2024,2024,Midblock,53.623675,-113.421339,5927742.97,27904.4915,NE,3681.0,3277.822548,3396.50799,519.0,470.8224044,472.1984733,14.10%,14.36%,13.90%,Collector,25945,40,4207,2,8970,Small Scale Flex Residential,Residential,Division No. 11,685,2426.5,58.8,595.0,0,
1228910,9/17/2024,2024,Midblock,53.623604,-113.420043,5924182.923,31810.4021,NE,3506.0,3121.99018,3235.033146,518.0,468.3196721,470.7328244,14.77%,15.00%,14.55%,Collector,25944,40,4207,2,8969,Small Scale Flex Residential,Residential,Division No. 11,685,2426.5,58.8,595.0,0,
1228263,9/17/2024,2024,Midblock,53.625144,-113.491876,5940900.822,37285.9322,NW,33406.0,32586.41949,33512.61612,6137.0,5756.169399,5843.553435,18.37%,17.66%,17.44%,Major Arterial,8341,70,12832,4,21851,General Commercial,Commercial,Division No. 11,762,2908.4,49.2,610.0,0,
1228299,9/17/2024,2024,Midblock,53.568156,-113.491843,5940902.599,35822.0413,NW,19764.0,19279.11138,19827.07732,4293.0,4696.046448,4808.274809,21.72%,24.36%,24.25%,Minor Arterial,22160,50,7647,2,25796,Medium Scale Residential,Residential,Division No. 11,435,1520.4,52.6,380.0,0,
1228192,9/17/2024,2024,Midblock,53.518062,-113.481323,5940586.039,35976.5848,SE,20412.0,18624.17066,19518.17052,4526.0,4563.546448,4419.748092,22.17%,24.50%,22.64%,Minor Arterial,3789,50,11889,3,18183,Medium Scale Residential,Residential,Division No. 11,537,4731.3,67.1,410.0,0,
1228203,9/17/2024,2024,Midblock,53.518038,-113.462521,5941253.52,34527.7858,SE,18624.0,16992.77652,17808.46599,3817.0,3776.63388,3673.645038,20.50%,22.22%,20.63%,Minor Arterial,7676,50,17161,3,11689,Medium Scale Residential,Residential,Division No. 11,802,4554.2,54.6,650.0,0,
1228142,9/17/2024,2024,Midblock,53.451035,-113.525446,5941309.462,40349.3035,SW,4538.0,3959.408718,4197.594874,674.0,577.3852459,598.1679389,14.85%,14.58%,14.25%,Collector,10534,30,3574,4,14308,Small Scale Residential,Residential,Division No. 11,904,1360.8,64.8,895.0,0,
1228155,9/17/2024,2024,Midblock,53.45753,-113.528498,5941453.931,33632.071,SW,3281.0,2862.675188,3034.885143,489.0,455.6584699,473.0801527,14.90%,15.92%,15.59%,Collector,10636,40,2329,4,2130,Small-Medium Scale Transition Residential,Residential,Division No. 11,993,5315.8,54.2,720.0,0,
1228179,9/17/2024,2024,Midblock,53.492799,-113.578268,5935948.134,38094.1715,SW,7542.0,6580.401179,6976.258382,1184.0,963.0601093,1037.908397,15.70%,14.64%,14.88%,Collector,20540,40,2923,4,11052,Medium Scale Residential,Residential,Division No. 11,828,5579.5,48.7,575.0,0,
1228184,9/17/2024,2024,Midblock,53.481919,-113.579628,5934666.254,30455.0858,SW,11980.0,10452.55981,11081.35447,2323.0,1723.846995,1854.20229,19.39%,16.49%,16.73%,Collector,18841,50,15962,2,31751,Neighbourhood Parks and Services,Residential,Division No. 11,520,2123.3,48.8,430.0,0,
1228189,9/17/2024,2024,Midblock,53.449708,-113.521149,5934797.299,26338.5618,SW,4487.0,3914.911176,4150.420493,680.0,585.5655738,606.1335878,15.15%,14.96%,14.60%,Collector,10536,40,13492,4,14310,Medium Scale Residential,Residential,Division No. 11,473,3902.6,43.1,325.0,0,
1228917,9/18/2024,2024,Midblock,53.599568,-113.436739,5931609.053,27170.7852,NE,24186.0,21686.93238,22472.18634,3893.0,3764.661202,3741.0,16.10%,17.36%,16.65%,Minor Arterial,20785,60,8884,2,23949,Small Scale Residential,Residential,Division No. 11,500,2270.7,47.3,465.0,0,
1228927,9/18/2024,2024,Midblock,53.599686,-113.458852,5929800.951,30161.2572,NE,26406.0,23677.54636,24534.87772,4282.5,4183.703552,4179.549618,16.22%,17.67%,17.04%,Minor Arterial,7005,60,8884,2,23945,Medium Scale Residential,Residential,Division No. 11,468,2678.9,43.5,345.0,0,
1228935,9/18/2024,2024,Midblock,53.596831,-113.456554,5928739.348,30452.4185,NE,1850.0,1658.844989,1718.909482,255.0,169.1803279,179.6717557,13.78%,10.20%,10.45%,Collector,8557,30,13571,2,23257,Small Scale Residential,Residential,Division No. 11,468,2678.9,43.5,345.0,0,
1228937,9/18/2024,2024,Midblock,53.602926,-113.478364,5928871.515,28719.4562,NE,1855.0,1663.328353,1723.555183,218.0,172.8961749,181.2022901,11.75%,10.39%,10.51%,Collector,9995,40,6491,2,25826,Parks and Services,Others,Division No. 11,465,1764.7,30.4,230.0,0,
1228939,9/18/2024,2024,Midblock,53.603013,-113.390412,5937136.938,30396.2166,NE,3624.0,3249.542832,3367.204304,474.0,340.0300546,344.8435115,13.08%,10.46%,10.24%,Collector,8541,40,4107,2,8602,Small-Medium Scale Transition Residential,Residential,Division No. 11,473,5637.7,53.3,375.0,0,
1231061,9/24/2024,2024,Midblock,53.604785,-113.491874,5935701.517,27144.2046,NW,42515.0,41471.93991,42650.68773,8531.0,7423.418033,7601.40458,20.07%,17.90%,17.82%,Major Arterial,30662,70,12832,3,28356,Neighbourhood Parks and Services,Residential,Division No. 11,2502,3674.5,64.6,2060.0,0,
1230808,9/26/2024,2024,Midblock,53.555008,-113.425134,5931567.882,27991.9059,SW,589.0,528.5509139,553.9224837,36.0,31.0,31.89694656,6.11%,5.87%,5.76%,Local,4941,30,6784,2,2119,Small Scale Residential,Residential,Division No. 11,481,1605.5,69.5,410.0,0,
1232965,10/2/2024,2024,Midblock,53.543988,-113.540533,5936595.509,30065.0321,Downtown,50326.0,46624.28189,48620.38514,12567.0,10191.27049,10794.4313,24.97%,21.86%,22.20%,Minor Arterial,19726,50,9151,2,1970,River Valley,Others,Division No. 11,434,1603.3,58.8,340.0,0,
1232995,10/2/2024,2024,Midblock,53.545388,-113.602625,5937249.933,29490.1897,NW,6471.0,6343.968321,6524.281535,1050.0,806.7677596,857.7022901,16.23%,12.72%,13.15%,Minor Arterial,8250,50,6698,3,13748,Parks and Services,Others,Division No. 11,600,4112.4,52.7,465.0,0,
1232998,10/2/2024,2024,Midblock,53.516697,-113.590346,5930631.24,27376.1612,NW,6926.0,6790.036252,6983.027957,989.0,780.9125683,839.3931298,14.28%,11.50%,12.02%,Collector,8716,40,7708,2,25318,Small Scale Residential,Residential,Division No. 11,346,1278.6,49.1,285.0,0,
1232980,10/2/2024,2024,Midblock,53.500287,-113.545434,5930750.931,24995.392,SW,1178.0,1047.06619,1110.054552,142.0,113.0737705,121.2862595,12.05%,10.80%,10.93%,Collector,4956,30,3299,2,8894,Small Scale Residential,Residential,Division No. 11,619,1899.4,50.5,475.0,0,
1232992,10/2/2024,2024,Midblock,53.490731,-113.541149,5932669.057,24373.6479,SW,16826.0,14955.80281,15855.49906,3625.0,2977.674863,3103.412214,21.54%,19.91%,19.57%,Minor Arterial,20076,60,14444,2,20186,Alternative Jurisdiction,Others,Division No. 11,493,320.8,58.8,485.0,0,
1233000,10/2/2024,2024,Midblock,53.492016,-113.567248,5928687.541,28254.7933,SW,2472.0,2197.239068,2329.418381,352.0,338.9699454,341.8244275,14.24%,15.43%,14.67%,Collector,50240,30,10235,2,11945,Parks and Services,Others,Division No. 11,670,805.7,56.9,510.0,0,
1234353,10/8/2024,2024,Midblock,53.566192,-113.541181,5929999.981,38601.8608,NW,1497.0,1503.352734,1546.082198,210.0,150.5519126,165.129771,14.03%,10.01%,10.68%,Collector,3658,30,2083,2,26232,Small Scale Residential,Residential,Division No. 11,536,1949.8,51.1,470.0,0,
1234738,10/9/2024,2024,Midblock,53.553472,-113.590392,5933025.58,36938.089,NW,13104.0,12846.75643,13211.89696,2120.0,1901.808743,2004.125954,16.18%,14.80%,15.17%,Minor Arterial,8257,50,2306,3,29536,Small Scale Residential,Residential,Division No. 11,451,1823.0,52.5,400.0,0,
1234755,10/9/2024,2024,Midblock,53.516284,-113.57797,5934967.802,38536.7719,NW,40202.0,39412.79778,40533.01905,9534.0,8324.153005,8542.793893,23.72%,21.12%,21.08%,Minor Arterial,5262,60,6128,2,6395,Small Scale Residential,Residential,Division No. 11,469,3000.6,53.9,380.0,0,
1236120,10/9/2024,2024,Midblock,53.556221,-113.570055,5935779.101,34961.5436,NW,1453.0,1424.476274,1464.96385,194.0,120.6666667,135.1946565,13.35%,8.47%,9.23%,Collector,9033,40,12085,2,3526,Small Scale Residential,Residential,Division No. 11,707,2716.1,57.1,595.0,0,
1236126,10/9/2024,2024,Midblock,53.561346,-113.546232,5943440.536,31132.868,NW,589.0,577.4373885,593.8497642,61.0,53.36612022,56.94274809,10.36%,9.24%,9.59%,Local,13342,30,1839,2,24090,Parks and Services,Others,Division No. 11,630,3539.3,55.9,510.0,0,
1236139,10/9/2024,2024,Midblock,53.567408,-113.561377,5943318.798,32469.4712,NW,1139.0,1116.640383,1148.378407,170.0,129.704918,144.9160305,14.93%,11.62%,12.62%,Collector,8883,30,7506,2,19050,Small Scale Residential,Residential,Division No. 11,423,2539.0,57.9,285.0,0,
1236146,10/9/2024,2024,Midblock,53.567259,-113.554846,5931105.369,27171.4916,NW,745.0,730.374965,751.1342518,70.0,47.48087432,52.84732824,9.40%,6.50%,7.04%,Local,10352,30,3244,2,24246,Parks and Services,Others,Division No. 11,607,2606.3,57.3,445.0,0,
1236626,10/9/2024,2024,Midblock,53.5079,-113.587335,5939595.812,37285.3318,NW,2994.0,2935.225027,3018.652282,446.0,366.1502732,377.389313,14.90%,12.47%,12.50%,Collector,8623,30,6065,2,21422,Parks and Services,Others,Division No. 11,628,1758.1,60.6,545.0,0,
1236637,10/9/2024,2024,Midblock,53.509094,-113.623212,5937657.003,38065.4719,NW,2638.0,2586.213635,2659.721015,417.0,392.2568306,392.5954198,15.81%,15.17%,14.76%,Collector,8522,30,6639,2,22958,Small-Medium Scale Transition Residential,Residential,Division No. 11,536,1003.6,60.9,435.0,0,
1258400,10/9/2024,2024,Midblock,53.526359,-113.632435,5936813.917,33976.6581,NW,1103.0,1081.347096,1112.081986,175.0,160.5765027,164.9923664,15.87%,14.85%,14.84%,Local,10456,30,12617,2,29228,Small Scale Residential,Residential,Division No. 11,683,2125.7,57.6,590.0,0,
1236152,10/9/2024,2024,Midblock,53.490388,-113.574266,5938869.861,36330.5622,SW,14131.0,12560.35003,13315.94302,2829.0,2301.295082,2405.753817,20.02%,18.32%,18.07%,Collector,6020,40,12138,2,6322,Small-Medium Scale Transition Residential,Residential,Division No. 11,991,3386.9,45.5,890.0,0,
1238619,10/16/2024,2024,Midblock,53.501524,-113.418206,5933803.76,20615.1544,SE,34265.0,31433.88873,32942.78234,7351.0,5807.797814,6253.698473,21.45%,18.48%,18.98%,Minor Arterial,26227,60,1017,2,14642,Business Employment,Commercial,Division No. 11,48,3.4,0.0,40.0,0,
1238623,10/16/2024,2024,Midblock,53.52883,-113.442924,5928695.782,21110.1147,SE,42055.0,38580.24779,40432.18186,9099.0,8651.827869,8556.370229,21.64%,22.43%,21.16%,Minor Arterial,7128,60,11678,4,1731,Small Scale Residential,Residential,Division No. 11,426,2445.5,60.5,380.0,0,
1238691,10/16/2024,2024,Midblock,53.546167,-113.418576,5934331.581,24222.3498,SE,17684.0,16222.87723,17001.60989,2655.0,2133.620219,2254.687023,15.01%,13.15%,13.26%,Minor Arterial,7654,50,8970,2,14773,Small Scale Residential,Residential,Division No. 11,685,1932.3,53.7,605.0,0,
1239495,10/22/2024,2024,Midblock,53.553707,-113.472424,5937881.99,23427.5441,Downtown,19014.0,17842.7045,18606.20093,5093.0,4493.857923,4413.152672,26.79%,25.19%,23.72%,Minor Arterial,21446,50,7414,4,26962,River Valley,Others,Division No. 11,548,20524.3,49.4,415.0,0,
1239430,10/22/2024,2024,Midblock,53.62279,-113.529433,5937493.244,19645.5943,NW,3171.0,3184.456594,3274.967702,459.0,439.7349727,437.6603053,14.47%,13.81%,13.36%,Collector,10160,40,5419,4,23284,Small-Medium Scale Transition Residential,Residential,Division No. 11,860,2436.3,56.3,720.0,0,
1239861,10/22/2024,2024,Midblock,53.568111,-113.499166,5932628.159,23817.2264,NW,20656.0,20743.6567,21333.24909,5026.0,4349.57377,4336.133588,24.33%,20.97%,20.33%,Minor Arterial,7830,50,9092,4,20020,Urban Institution,Others,Division No. 11,435,1520.4,52.6,380.0,0,
1241098,10/22/2024,2024,Midblock,53.621615,-113.509244,5939477.671,40734.5691,NW,3465.0,3479.704225,3578.607092,499.0,402.8415301,412.5381679,14.40%,11.58%,11.53%,Collector,9047,40,3404,4,11842,Parks and Services,Others,Division No. 11,1105,2732.4,45.1,865.0,0,
1239916,10/23/2024,2024,Midblock,53.512171,-113.590379,5940134.945,36879.8303,NW,4713.0,4620.479477,4751.806348,733.0,565.0928962,600.9351145,15.55%,12.23%,12.65%,Collector,28215,40,6833,4,25107,Small Scale Residential,Residential,Division No. 11,346,1278.6,49.1,285.0,0,
1241551,10/24/2024,2024,Midblock,53.587842,-113.436904,5942066.264,41503.3056,NE,25075.0,22426.51173,23238.54484,5097.0,4305.778689,4337.39313,20.33%,19.20%,18.66%,Minor Arterial,29227,50,9179,4,23225,Mixed Use,Others,Division No. 11,693,3552.0,44.3,575.0,0,
1241567,10/24/2024,2024,Midblock,53.570365,-113.425359,5934885.4,35978.2654,NE,12462.0,11145.73038,11549.30193,1984.0,1782.456284,1805.156489,15.92%,15.99%,15.63%,Minor Arterial,5343,50,12158,3,2904,Medium Scale Residential,Residential,Division No. 11,386,2113.9,67.2,305.0,0,
1241584,10/24/2024,2024,Midblock,53.56307,-113.487173,5933312.335,34106.1005,NE,10063.0,9000.119143,9326.001066,1434.0,1227.871585,1249.408397,14.25%,13.64%,13.40%,Minor Arterial,7525,50,1120,4,17164,Site Specific Development Control Provision,Direct Control Provisions,Division No. 11,846,6243.5,48.0,635.0,0,
1241612,10/24/2024,2024,Midblock,53.581386,-113.451407,5936809.742,36674.341,NE,32716.0,29260.44896,30319.92953,7402.0,6081.023224,6127.520992,22.63%,20.78%,20.21%,Minor Arterial,20105,50,5444,2,25339,Site Specific Development Control Provision,Direct Control Provisions,Division No. 11,574,856.5,54.7,475.0,0,
1240809,10/24/2024,2024,Midblock,53.536716,-113.689039,5925408.483,38723.2169,NW,21330.0,20872.03445,21465.27569,4278.0,3772.428962,3845.744275,20.06%,18.07%,17.92%,Minor Arterial,30014,60,5577,2,24056,Natural Areas,Others,Division No. 11,4202,2709.2,75.2,2900.0,0,
1241574,10/24/2024,2024,Midblock,53.490797,-113.681917,5931164.468,35171.8384,NW,2367.0,2316.17935,2382.011606,358.0,334.2213115,341.9580153,15.12%,14.43%,14.36%,Collector,29481,30,2197,2,17098,Parks and Services,Others,Division No. 11,1580,2683.9,67.9,1245.0,0,
1241595,10/24/2024,2024,Midblock,53.563413,-113.491791,5923459.002,31511.1511,NW,19134.0,18723.18364,19255.34857,4367.0,4478.382514,4597.866412,22.82%,23.92%,23.88%,Minor Arterial,21903,50,7647,2,25793,Medium Scale Residential,Residential,Division No. 11,491,3771.1,48.6,370.0,0,
1241604,10/24/2024,2024,Midblock,53.541305,-113.634588,5929757.15,24913.3246,NW,36911.0,36118.50274,37145.09099,7755.0,6611.346995,6761.160305,21.01%,18.30%,18.20%,Minor Arterial,5183,60,16758,4,32873,Site Specific Development Control Provision,Direct Control Provisions,Division No. 11,468,980.3,59.7,360.0,0,
1241618,10/24/2024,2024,Midblock,53.573244,-113.646312,5927959.368,42560.2538,NW,63778.0,62408.65508,64182.48254,14598.0,11762.14481,12797.22901,22.89%,18.85%,19.94%,Major Arterial,27040,100,12020,3,22704,Medium Industrial,Industrial,Division No. 11,134,7.3,52.0,125.0,0,
1241638,10/24/2024,2024,Midblock,53.569906,-113.703432,5926750.412,30400.2173,NW,64721.0,63331.40841,65131.46309,15513.0,13697.72951,14207.15649,23.97%,21.63%,21.81%,Major Arterial,8287,100,9737,3,22568,Medium Industrial,Industrial,Division No. 11,698,63.7,53.2,470.0,0,
1252128,10/24/2024,2024,Midblock,53.569875,-113.688997,5923759.923,37921.3986,NW,13274.0,12989.00071,13358.18422,2795.0,2171.937158,2308.801527,21.06%,16.72%,17.28%,Minor Arterial,22321,60,6693,2,23813,Business Employment,Commercial,Division No. 11,698,63.7,53.2,470.0,0,
1243276,10/29/2024,2024,Midblock,53.526017,-113.640829,5923200.032,38074.6576,NW,1161.0,1165.92687,1199.065753,109.0,89.03825137,88.33587786,9.39%,7.64%,7.37%,Collector,9833,40,17486,2,18321,Small-Medium Scale Transition Residential,Residential,Division No. 11,455,9027.8,63.8,345.0,0,
1243145,10/30/2024,2024,Midblock,53.586524,-113.384831,5924325.829,37879.8002,NE,20531.0,18871.78767,19555.10912,3439.5,3100.554645,3103.65458,16.75%,16.43%,15.87%,Minor Arterial,50022,60,652,2,31781,River Valley,Others,Division No. 11,1296,3231.1,54.5,1045.0,0,
1243600,10/30/2024,2024,Midblock,53.577116,-113.418387,5926764.077,41083.5145,NE,16082.0,14782.33351,15317.58145,2784.0,2502.467213,2524.022901,17.31%,16.93%,16.48%,Minor Arterial,5295,50,5790,3,15815,Small Scale Residential,Residential,Division No. 11,480,2905.6,53.4,365.0,0,
1243608,10/30/2024,2024,Midblock,53.592715,-113.442964,5925261.508,28170.2451,NE,20061.0,18439.77071,19107.44942,3628.0,3140.289617,3195.641221,18.08%,17.03%,16.72%,Minor Arterial,5968,50,7,3,30125,Small Scale Residential,Residential,Division No. 11,705,3029.7,60.7,610.0,0,
1250799,10/30/2024,2024,Midblock,53.609723,-113.372878,5926787.593,28450.5872,NE,2404.0,2209.720791,2289.731738,287.0,259.0191257,264.8854962,11.94%,11.72%,11.57%,Collector,9050,30,12059,2,20481,Parks and Services,Others,Division No. 11,538,3308.7,56.3,400.0,0,
1246225,11/5/2024,2024,Midblock,53.545608,-113.457185,5927084.916,31967.187,Downtown,6926.0,6807.455673,7099.758209,1125.0,1065.734973,1110.78626,16.24%,15.66%,15.65%,Minor Arterial,5331,50,14855,3,10952,River Valley,Others,Division No. 11,472,719.4,59.3,405.0,0,
1246229,11/5/2024,2024,Midblock,53.531598,-113.485601,5929323.981,21380.3125,Downtown,33756.0,33178.23761,34602.86429,8971.0,8722.286885,8835.89313,26.58%,26.29%,25.54%,Minor Arterial,31409,50,4748,4,16446,River Valley,Others,Division No. 11,678,1108.6,68.5,620.0,0,
1250996,11/19/2024,2024,Midblock,53.562851,-113.446458,5928943.875,23879.4626,NE,21268.0,20517.73165,21260.65047,4323.0,3677.852459,3737.022901,20.33%,17.93%,17.58%,Minor Arterial,7642,80,15512,3,15445,Medium Scale Residential,Residential,Division No. 11,487,1556.4,63.4,410.0,0,
1250674,11/19/2024,2024,Midblock,53.460258,-113.416943,5928973.562,24888.8491,SE,2569.0,2545.692087,2667.890729,384.0,335.1639344,343.7366412,14.95%,13.17%,12.88%,Collector,11034,30,2848,2,98,Small Scale Residential,Residential,Division No. 11,537,2950.5,54.1,425.0,0,
1250707,11/19/2024,2024,Midblock,53.512228,-113.469769,5928365.895,21838.0337,SE,5466.0,5416.408309,5676.407445,914.0,781.3005464,807.4274809,16.72%,14.42%,14.22%,Collector,20747,40,15599,2,22942,River Valley,Others,Division No. 11,571,2083.9,57.0,465.0,0,
1250781,11/19/2024,2024,Midblock,53.498381,-113.393821,5928684.368,28151.8071,SE,14958.0,14822.2897,15533.79117,2939.0,2158.967213,2404.973282,19.65%,14.57%,15.48%,Minor Arterial,27302,60,9835,3,11353,River Valley,Others,Division No. 11,54,5.0,90.0,50.0,0,
1250695,11/19/2024,2024,Midblock,53.443221,-113.525726,5933419.025,28802.6997,SW,4245.0,4033.957532,4276.628321,627.0,611.7868852,608.7175573,14.77%,15.17%,14.23%,Collector,8870,40,16323,2,9978,Small Scale Residential,Residential,Division No. 11,579,1899.0,61.5,520.0,0,
1253690,11/27/2024,2024,Midblock,53.500168,-113.624528,5930242.948,38590.6548,NW,2265.0,2246.832526,2310.693752,266.0,237.2131148,241.6832061,11.74%,10.56%,10.46%,Collector,20877,30,922,4,18039,Large Scale Residential,Residential,Division No. 11,749,12630.7,52.8,615.0,0,
1253677,11/27/2024,2024,Midblock,53.482883,-113.358827,5932630.97,37506.3869,SE,46424.0,44660.91287,46804.73182,10787.0,10627.62705,10887.40649,23.24%,23.80%,23.26%,Major Arterial,22053,80,10544,2,2504,Public Utility,Others,Division No. 11,2768,2021.8,73.8,2160.0,0,
1255295,12/4/2024,2024,Midblock,53.472862,-113.542128,5941134.316,30555.7692,SW,1993.0,2136.845139,2265.391335,274.0,224.8087432,237.2633588,13.75%,10.52%,10.47%,Local,50424,40,2600,2,11264,Parks and Services,Others,Division No. 11,610,779.1,63.2,475.0,0,
960019,6/1/2022,2022,Midblock,53.445503,-113.429214,5944076.104,38480.374,SouthEast,5850.0,5406.552502,6442.230563,688.0,780.1580851,767.8629175,11.76%,14.43%,11.92%,Collector,11332,30,4984,4,11135,Medium Scale Residential,Residential,Division No. 11,927,3666.9,34.1,690.0,0,
960049,6/1/2022,2022,Midblock,53.440461,-113.426975,5944092.559,37652.668,SouthEast,2096.0,1989.533216,2367.558403,202.0,236.9094055,0.0,9.64%,11.91%,0.00%,Collector,9507,40,11548,2,1809,Parks and Services,Others,Division No. 11,607,970.1,62.1,515.0,0,
959988,6/1/2022,2022,Midblock,53.450591,-113.429772,5944199.422,37655.3789,SouthEast,2201.0,2071.108382,2466.841024,179.0,225.3649354,0.0,8.13%,10.88%,0.00%,Collector,11327,30,8622,2,6136,Small-Medium Scale Transition Residential,Residential,Division No. 11,666,3490.6,54.7,585.0,0,
960032,6/1/2022,2022,Midblock,53.47226,-113.381229,5944125.017,30125.2762,SouthEast,2612.0,2407.757256,2866.436066,308.5,403.0717665,401.7723485,11.81%,16.74%,14.02%,Collector,20577,30,3608,2,13356,Public Utility,Others,Division No. 11,1363,4004.1,50.0,1120.0,0,
960493,6/2/2022,2022,Midblock,53.459607,-113.575847,5944093.729,30244.4666,SouthWest,1526.0,1257.813889,1569.913011,160.0,128.5303961,146.172996,10.48%,10.22%,9.31%,Collector,24153,30,5145,2,10489,Parks and Services,Others,Division No. 11,1361,4261.1,56.0,1090.0,0,
960497,6/2/2022,2022,Midblock,53.473305,-113.571488,5944094.588,30006.4876,SouthWest,4882.0,3955.666016,4569.836423,615.5,508.5640444,534.5235634,12.61%,12.86%,11.70%,Collector,10702,40,10723,2,3489,Parks and Services,Others,Division No. 11,561,1915.3,66.3,505.0,0,
960451,6/2/2022,2022,Midblock,53.475775,-113.518494,5944095.232,30659.1198,SouthWest,6317.0,5486.964714,6303.457892,630.0,639.3149663,687.0388408,9.97%,11.65%,10.90%,Collector,21532,50,7603,2,19982,Small Scale Residential,Residential,Division No. 11,622,1793.5,57.7,520.0,0,
963182,6/8/2022,2022,Midblock,53.496431,-113.677803,5941019.674,30369.5866,NorthWest,11387.0,12139.1278,11344.38251,1336.0,1556.289495,1544.891692,11.73%,12.82%,13.62%,Minor Arterial,30338,60,12911,2,26184,Medium Scale Residential,Residential,Division No. 11,2994,2226.0,68.5,2320.0,0,
963184,6/8/2022,2022,Midblock,53.492908,-113.640171,5941229.241,30356.9233,NorthWest,3015.0,3214.145105,3003.715927,310.0,294.2582929,296.7123201,10.28%,9.16%,9.88%,Collector,10813,40,2520,3,2022,Small Scale Residential,Residential,Division No. 11,486,2477.1,61.6,430.0,0,
963321,6/8/2022,2022,Midblock,53.493128,-113.624959,5941127.552,30243.8752,NorthWest,1530.0,1631.05871,1524.273754,124.0,121.0974265,124.538577,8.10%,7.42%,8.17%,Collector,49894,30,12710,4,3739,Parks and Services,Others,Division No. 11,511,2484.2,55.4,460.0,0,
962850,6/8/2022,2022,Midblock,53.487803,-113.670972,5927468.009,41906.9796,NorthWest,5055.0,4913.674475,4798.225031,589.0,567.3034022,571.1164143,11.65%,11.55%,11.90%,Collector,26665,30,938,4,32768,Parks and Services,Others,Division No. 11,3107,4122.9,66.6,2245.0,0,
977131,6/13/2022,2022,Midblock,53.559316,-113.411574,5927680.22,41895.8395,SouthEast,812.0,785.487874,933.3633793,4.0,50.27647073,46.22922371,0.49%,6.40%,4.95%,Local,50120,40,1794,2,2144,River Valley,Others,Division No. 11,806,598.9,56.6,645.0,0,
965522,6/15/2022,2022,Midblock,53.490365,-113.575818,5927553.588,41818.4558,SouthWest,12744.0,10832.64543,12948.94177,1691.5,1720.917162,1822.248646,13.27%,15.89%,14.07%,Collector,20537,40,17379,2,6323,Parks and Services,Others,Division No. 11,991,3386.9,45.5,890.0,0,
965314,6/16/2022,2022,Midblock,53.532874,-113.565576,5944619.655,30349.9437,NorthWest,23469.0,24573.20571,22964.40484,3565.0,3291.913605,3339.845865,15.19%,13.40%,14.54%,Minor Arterial,5855,60,13503,4,16400,Site Specific Development Control Provision,Direct Control Provisions,Division No. 11,566,1670.6,64.4,505.0,0,
965491,6/16/2022,2022,Midblock,53.519374,-113.571687,5944483.701,30434.1073,NorthWest,23599.0,24709.32215,23091.60977,3687.0,3268.727041,3260.602766,15.62%,13.23%,14.12%,Minor Arterial,8981,60,4405,4,18807,Small Scale Residential,Residential,Division No. 11,604,2771.9,66.7,510.0,0,
966615,6/21/2022,2022,Midblock,53.503708,-113.418345,5933268.758,25382.7555,SouthEast,31047.0,29889.10889,35375.13536,4177.0,4970.385095,5378.487417,13.45%,16.63%,15.20%,Minor Arterial,11246,60,1558,2,31632,Business Employment,Commercial,Division No. 11,48,3.4,0.0,40.0,0,
966715,6/21/2022,2022,Midblock,53.525244,-113.434401,5933095.95,25510.8606,SouthEast,12101.0,11649.69584,13787.95095,1485.0,1703.232937,1817.643311,12.27%,14.62%,13.18%,Minor Arterial,21143,60,2010,2,18478,Small Scale Residential,Residential,Division No. 11,347,2644.8,56.3,320.0,0,
967565,6/21/2022,2022,Midblock,53.525242,-113.438619,5933438.098,25511.6981,SouthEast,11989.0,11541.87285,13660.33749,1518.0,1763.055735,1879.527635,12.66%,15.28%,13.76%,Minor Arterial,21142,60,2010,2,18596,Small Scale Residential,Residential,Division No. 11,347,2644.8,56.3,320.0,0,
408952,6/29/2022,2022,Estimation,53.6021014,-113.5383815,5932791.551,24519.8814,NorthEast,7106.0,6735.255949,7350.027441,261.0,320.7891983,319.3474349,3.67%,4.76%,4.34%,Local,7072,50,9791,2,25829,General Commercial,Commercial,Division No. 11,1052,2381.2,57.5,765.0,0,
435005,6/29/2022,2022,Estimation,53.6280127,-113.4183041,5933097.753,24486.6905,NorthEast,2729.0,2586.618841,2822.716702,260.0,325.6844051,321.5904336,9.53%,12.59%,11.39%,Collector,19854,40,10376,2,26780,Public Utility,Others,Division No. 11,1937,5162.6,62.8,1480.0,0,
435729,6/29/2022,2022,Estimation,53.6282207,-113.4308136,5932945.302,24683.6685,NorthEast,6742.0,6390.24706,6973.527302,674.0,751.6439736,744.0364102,10.00%,11.76%,10.67%,Collector,25546,40,13001,4,32895,Neighbourhood Commercial,Commercial,Division No. 11,2271,5198.0,60.4,1680.0,0,
435737,6/29/2022,2022,Estimation,53.6291807,-113.4307597,5942542.612,39604.9625,NorthEast,7267.0,6887.856035,7516.556348,573.0,661.9618563,651.5732553,7.88%,9.61%,8.67%,Collector,30799,40,16253,4,32804,Medium Scale Residential,Residential,Division No. 11,2686,8422.7,68.7,1935.0,0,
330639,6/29/2022,2022,Estimation,53.6289993,-113.5445958,5942634.869,39285.4749,NorthWest,10505.0,11198.87042,10465.68352,730.0,721.4120295,705.1244549,6.95%,6.44%,6.74%,Collector,31552,40,7581,2,28125,General Commercial,Commercial,Division No. 11,1697,1300.1,69.1,1280.0,0,
319454,6/29/2022,2022,Estimation,53.6287113,-113.5427971,5942765.439,39563.4964,NorthWest,20520.0,21875.37564,20443.20093,2330.0,2357.8546,2331.056452,11.35%,10.78%,11.40%,Minor Arterial,29525,60,2725,2,22759,General Commercial,Commercial,Division No. 11,640,3198.4,62.4,545.0,0,
319460,6/29/2022,2022,Estimation,53.6287327,-113.5463944,5923179.025,32014.2447,NorthWest,15745.0,16784.97999,15686.07207,1805.0,1778.985654,1772.513094,11.46%,10.60%,11.30%,Minor Arterial,28725,60,5569,2,28125,General Commercial,Commercial,Division No. 11,1697,1300.1,69.1,1280.0,0,
420429,6/29/2022,2022,Estimation,53.6287007,-113.5365289,5923038.754,32076.1461,NorthWest,16054.0,17114.38989,15993.91558,1778.0,1811.679846,1785.573277,11.08%,10.59%,11.16%,Minor Arterial,29183,60,2725,2,22764,Small Scale Residential,Residential,Division No. 11,763,2906.7,57.1,665.0,0,
420431,6/29/2022,2022,Estimation,53.6287167,-113.5396046,5924592.056,33115.4829,NorthWest,17084.0,18212.42288,17020.06066,1906.0,1921.116626,1903.122313,11.16%,10.55%,11.18%,Minor Arterial,29183,60,2725,2,22764,Small Scale Residential,Residential,Division No. 11,763,2906.7,57.1,665.0,0,
444757,6/29/2022,2022,Estimation,53.6010821,-113.5412053,5924724.439,33117.9186,NorthWest,30459.0,32470.86094,30345.0028,3507.0,3832.210485,3831.494068,11.51%,11.80%,12.63%,Minor Arterial,21203,60,4060,3,29553,Site Specific Development Control Provision,Direct Control Provisions,Division No. 11,3634,2733.6,63.8,2900.0,0,
444761,6/29/2022,2022,Estimation,53.6029659,-113.5413762,5924657.093,32861.51,NorthWest,35311.0,37643.34255,35178.84348,3881.0,4182.058942,4182.115166,10.99%,11.11%,11.89%,Minor Arterial,21202,60,4060,3,29792,Neighbourhood Commercial,Commercial,Division No. 11,3634,2733.6,63.8,2900.0,0,
318040,6/29/2022,2022,Estimation,53.6020587,-113.5430939,5924663.778,33307.1211,NorthWest,7624.0,8127.576211,7595.466078,534.0,556.435278,554.893592,7.00%,6.85%,7.31%,Local,26495,50,9791,2,25822,General Commercial,Commercial,Division No. 11,3634,2733.6,63.8,2900.0,0,
530747,7/19/2022,2022,Estimation,53.4785203,-113.3687335,5924404.752,32132.0224,SouthEast,27265.0,26598.1332,31783.87686,3865.0,5381.116942,5415.605444,14.18%,20.23%,17.04%,Minor Arterial,20147,60,4461,4,13572,General Commercial,Commercial,Division No. 11,1137,2850.3,65.3,980.0,0,
530755,7/19/2022,2022,Estimation,53.480428,-113.368873,5924841.292,32122.625,SouthEast,35788.0,34912.67159,41719.47131,5126.0,6885.667343,6998.278627,14.32%,19.72%,16.77%,Minor Arterial,28737,60,14275,3,13573,General Commercial,Commercial,Division No. 11,1137,2850.3,65.3,980.0,0,
515960,7/19/2022,2022,Estimation,53.4792963,-113.3700555,5924653.515,32253.3973,SouthEast,12291.0,11990.37796,14328.09942,1066.0,1387.142726,1388.712415,8.67%,11.57%,9.69%,Collector,28063,50,13168,3,33353,General Commercial,Commercial,Division No. 11,1137,2850.3,65.3,980.0,0,
444801,7/27/2022,2022,Estimation,53.6334309,-113.5411514,5924651.177,31908.1204,NorthWest,23363.0,24405.37883,22807.56554,3370.0,3491.400746,3470.888701,14.42%,14.31%,15.22%,Minor Arterial,28124,40,2020,2,11568,Small Scale Residential,Residential,Division No. 11,1246,2415.7,73.9,900.0,0,
421800,7/27/2022,2022,Estimation,53.6322044,-113.5398923,5918173.676,30498.697,NorthWest,6674.0,6971.771533,6515.331609,788.0,811.9814922,801.3321386,11.81%,11.65%,12.30%,Collector,28031,40,866,2,10042,General Commercial,Commercial,Division No. 11,0,0.0,,,0,
305784,7/27/2022,2022,Estimation,53.5317,-113.617169,5918233.182,30538.6967,NorthWest,14022.0,14647.61469,13688.63947,1400.0,1705.154265,1735.67223,9.98%,11.64%,12.68%,Minor Arterial,20508,60,17357,2,24036,Medium Scale Residential,Residential,Division No. 11,1019,1203.5,52.7,930.0,0,
336069,7/27/2022,2022,Estimation,53.530141,-113.615251,5922614.479,28370.0456,NorthWest,42346.0,44235.33673,41339.26166,6147.0,5848.691334,5829.119118,14.52%,13.22%,14.10%,Minor Arterial,20436,60,17187,3,23578,Large Scale Residential,Residential,Division No. 11,1019,1203.5,52.7,930.0,0,
336073,7/27/2022,2022,Estimation,53.5332154,-113.6152105,5922395.268,28103.0022,NorthWest,45339.0,47361.87437,44261.10576,6426.0,6525.003554,6538.409989,14.17%,13.78%,14.77%,Minor Arterial,20433,60,17187,3,24019,Direct Development Control Provision,Direct Control Provisions,Division No. 11,568,735.0,51.6,320.0,0,
305824,7/27/2022,2022,Estimation,53.528436,-113.632401,5922470.871,28283.6478,NorthWest,9429.0,9849.690411,9204.833943,902.0,1082.50638,1124.655644,9.57%,10.99%,12.22%,Minor Arterial,33131,60,17357,2,24035,Medium Scale Residential,Residential,Division No. 11,548,4724.1,45.1,355.0,0,
336521,7/27/2022,2022,Estimation,53.5274529,-113.6302202,5922578.845,28192.7578,NorthWest,27800.0,29040.34291,27139.07982,3882.0,4149.554956,4082.619372,13.96%,14.29%,15.04%,Minor Arterial,20525,60,16170,2,10395,Small Scale Residential,Residential,Division No. 11,548,4724.1,45.1,355.0,0,
336525,7/27/2022,2022,Estimation,53.5302059,-113.6306968,5921398.755,27374.228,NorthWest,25272.0,23582.28142,24248.35878,3553.0,3623.259306,3576.973633,14.06%,15.36%,14.75%,Minor Arterial,20520,60,16170,2,31838,Small-Medium Scale Transition Residential,Residential,Division No. 11,828,6384.0,54.3,635.0,0,
305816,7/27/2022,2022,Estimation,53.5288268,-113.6277381,5921397.872,27115.9856,NorthWest,11680.0,12201.12249,11402.31843,1199.0,1543.40308,1569.963998,10.27%,12.65%,13.77%,Minor Arterial,20521,60,17357,2,31825,Neighbourhood Parks and Services,Residential,Division No. 11,417,3159.1,57.6,295.0,0,
414284,7/28/2022,2022,Estimation,53.61415,-113.4015,5921660.51,38670.5608,NorthEast,17348.0,17030.14247,18479.6941,2036.0,2392.519564,2328.016282,11.74%,14.05%,12.60%,Minor Arterial,28405,60,11316,2,10606,General Commercial,Commercial,Division No. 11,960,1962.8,79.3,675.0,0,
414292,7/28/2022,2022,Estimation,53.615003,-113.4063161,5921426.207,33927.081,NorthEast,13460.0,13213.38008,14338.06102,1516.0,1815.231172,1785.565905,11.26%,13.74%,12.45%,Minor Arterial,29742,60,11316,2,17980,Small Scale Residential,Residential,Division No. 11,1304,5587.0,64.8,1065.0,0,
433949,7/28/2022,2022,Estimation,53.6161553,-113.4020983,5942377.242,35240.5005,NorthEast,21330.0,20939.18254,22721.45926,2755.0,3118.087911,3142.651572,12.92%,14.89%,13.83%,Major Arterial,32441,70,14429,3,24658,Direct Development Control Provision,Direct Control Provisions,Division No. 11,2372,4263.1,65.9,1905.0,0,
253313,7/28/2022,2022,Estimation,53.4406749,-113.5181827,5942890.801,35239.6354,SouthWest,25538.0,22652.85611,26603.86262,3715.5,4089.300903,4192.409899,14.55%,18.05%,15.76%,Minor Arterial,20240,60,3025,2,16627,Small Scale Residential,Residential,Division No. 11,428,2454.1,56.9,360.0,0,
253307,7/28/2022,2022,Estimation,53.4376589,-113.5186144,5942707.602,35114.2432,SouthWest,27978.0,24817.19823,29145.69929,4096.0,4486.095717,4590.46123,14.64%,18.08%,15.75%,Minor Arterial,27834,60,2033,2,11008,Agriculture Zone,Agriculture,Division No. 11,1234,1880.8,55.4,930.0,0,
208690,7/28/2022,2022,Estimation,53.4394107,-113.5172654,5942704.693,35674.8663,SouthWest,1262.0,1119.426126,1314.67126,4.0,25.03314232,25.87260469,0.32%,2.24%,1.97%,Collector,3423,40,2723,3,11082,Small Scale Residential,Residential,Division No. 11,428,2454.1,56.9,360.0,0,
250853,8/4/2022,2022,Estimation,53.453304,-113.501461,5940847.505,30928.5296,SouthWest,5647.0,5135.666969,5883.451817,623.0,685.0536468,686.8671113,11.03%,13.34%,11.67%,Collector,4886,40,6227,4,26906,Small Scale Residential,Residential,Division No. 11,432,1944.2,53.6,345.0,0,
250859,8/4/2022,2022,Estimation,53.4544934,-113.5014104,5940840.084,30150.9829,SouthWest,5641.0,5130.210266,5877.200585,643.0,809.3449831,817.3971145,11.40%,15.78%,13.91%,Collector,10132,40,6227,4,8840,Urban Facilities,Others,Division No. 11,862,3288.8,65.3,720.0,0,
213364,8/4/2022,2022,Estimation,53.4539043,-113.5052775,5940847.307,30598.1112,SouthWest,28842.0,26230.3713,30049.67546,3987.0,4531.723717,4636.332511,13.82%,17.28%,15.43%,Minor Arterial,4906,60,9750,2,31913,Small Scale Flex Residential,Residential,Division No. 11,331,2829.1,67.9,280.0,0,
213354,8/4/2022,2022,Estimation,53.4539364,-113.4985685,5941566.369,34064.3811,SouthWest,36224.0,32943.93488,37740.77539,5031.0,5738.964783,5856.716226,13.89%,17.42%,15.52%,Minor Arterial,29524,60,1436,3,9194,Small Scale Residential,Residential,Division No. 11,432,1944.2,53.6,345.0,0,
253325,8/4/2022,2022,Estimation,53.4516818,-113.5162851,5941678.402,33872.4988,SouthWest,25225.0,22940.88884,26281.22403,3415.0,3643.745834,3736.610634,13.54%,15.88%,14.22%,Minor Arterial,49968,60,3025,2,31363,Site Specific Development Control Provision,Direct Control Provisions,Division No. 11,461,2414.9,45.5,385.0,0,
253331,8/4/2022,2022,Estimation,53.455605,-113.516382,5941775.23,33627.7585,SouthWest,21493.0,19546.81958,22392.9573,2908.0,3273.464514,3418.39594,13.53%,16.75%,15.27%,Minor Arterial,33287,60,2033,3,9785,Site Specific Development Control Provision,Direct Control Provisions,Division No. 11,1151,4065.7,57.8,1055.0,0,
213388,8/4/2022,2022,Estimation,53.4539097,-113.5144325,5934332.088,31163.243,SouthWest,26898.0,24462.39953,28024.27607,2513.5,2725.548049,2771.51057,9.34%,11.14%,9.89%,Minor Arterial,21673,60,1436,2,31914,Site Specific Development Control Provision,Direct Control Provisions,Division No. 11,759,1419.8,41.1,730.0,0,
213400,8/4/2022,2022,Estimation,53.4539097,-113.5196306,5922583.349,25953.3702,SouthWest,26496.0,24096.80043,27605.44348,3433.0,3654.537175,3720.768591,12.96%,15.17%,13.48%,Minor Arterial,7142,60,1436,2,31909,Small Scale Residential,Residential,Division No. 11,461,2414.9,45.5,385.0,0,
200116,8/10/2022,2022,Estimation,53.3957876,-113.5414751,5922479.453,26034.623,SouthWest,15933.0,14219.17418,16567.7583,2942.0,3207.759087,3266.196801,18.46%,22.56%,19.71%,Minor Arterial,31236,70,6671,4,23249,Agricultural Edmonton South,Agriculture,Division No. 11,336,5.3,67.2,305.0,0,
257201,8/10/2022,2022,Estimation,53.39632,-113.540868,5922602.468,26071.0023,SouthWest,10394.0,9275.974165,10808.08886,1108.0,1449.0667,1473.181193,10.66%,15.62%,13.63%,Minor Arterial,6238,60,8974,2,23250,Agriculture Zone,Agriculture,Division No. 11,4525,6149.8,71.8,3260.0,0,
982828,8/10/2022,2022,Midblock,53.461759,-113.576295,5922409.582,26658.3658,SouthWest,865.0,743.2687117,871.3025575,75.0,100.3594641,114.3249866,8.67%,13.50%,13.12%,Collector,7495,30,9517,2,5049,Agriculture Zone,Agriculture,Division No. 11,705,1382.6,54.3,525.0,0,
208516,8/11/2022,2022,Estimation,53.4358106,-113.5730773,5922520.388,26642.2054,SouthWest,20781.0,18899.29083,21651.14436,3138.0,3409.609723,3471.479859,15.10%,18.04%,16.03%,Minor Arterial,26272,60,6206,2,16693,Small Scale Flex Residential,Residential,Division No. 11,1480,1967.3,69.9,1045.0,0,
259535,8/11/2022,2022,Estimation,53.4338551,-113.5771153,5922459.146,26778.2201,SouthWest,27524.0,25031.71554,28676.48801,4358.0,5116.196539,5142.942231,15.83%,20.44%,17.93%,Minor Arterial,32919,60,13952,2,27480,Medium Scale Residential,Residential,Division No. 11,3273,4425.4,68.5,2460.0,0,
208338,8/11/2022,2022,Estimation,53.4345248,-113.5743903,5921910.09,25609.1846,SouthWest,6861.0,6239.739875,7148.284562,391.0,476.3435927,481.8611626,5.70%,7.63%,6.74%,Collector,25558,40,10820,2,21727,General Commercial,Commercial,Division No. 11,1480,1967.3,69.9,1045.0,0,
208342,8/11/2022,2022,Estimation,53.4354999,-113.5757483,5921626.276,25614.8984,SouthWest,8332.0,7577.541561,8680.878438,1090.0,1313.319941,1289.941954,13.08%,17.33%,14.86%,Collector,26273,40,12221,2,19527,Medium Scale Residential,Residential,Division No. 11,3273,4425.4,68.5,2460.0,0,
204752,8/11/2022,2022,Estimation,53.4249389,-113.5881679,5921799.804,25723.9478,SouthWest,21206.0,19285.80729,22093.94001,2924.0,2733.745317,2723.882965,13.79%,14.17%,12.33%,Minor Arterial,28652,60,4322,2,25965,Public Utility,Others,Division No. 11,857,289.1,78.6,655.0,0,
208504,8/11/2022,2022,Estimation,53.423894,-113.590704,5926056.701,32931.2299,SouthWest,9186.0,8354.212287,9570.637222,1440.0,1817.878738,1859.556872,15.68%,21.76%,19.43%,Minor Arterial,34147,60,4449,4,27395,Medium Scale Residential,Residential,Division No. 11,2437,4330.1,70.1,1875.0,0,
204760,8/11/2022,2022,Estimation,53.4249443,-113.592053,5926243.152,32926.3539,SouthWest,12949.0,11776.47452,13491.20198,2224.0,2560.536005,2590.332084,17.18%,21.74%,19.20%,Minor Arterial,33052,60,4322,2,26195,Agriculture Zone,Agriculture,Division No. 11,2437,4330.1,70.1,1875.0,0,
534747,8/11/2022,2022,Estimation,53.4265841,-113.4181961,5926097.085,32567.2532,SouthEast,34540.0,32365.12253,38562.72411,5282.0,6276.911549,6321.514209,15.29%,19.39%,16.39%,Minor Arterial,18417,60,9614,3,18747,Direct Development Control Provision,Direct Control Provisions,Division No. 11,2258,3604.7,74.0,1810.0,0,
504768,8/11/2022,2022,Estimation,53.424805,-113.4895843,5926206.487,33221.6205,SouthEast,38742.0,36302.53553,43254.11284,6675.0,7989.476612,7986.883843,17.23%,22.01%,18.47%,Minor Arterial,23366,60,8314,2,16916,Business Commercial,Commercial,Division No. 11,20,3.9,,,0,
438977,9/1/2022,2022,Estimation,53.6129757,-113.46747,5924646.246,31077.7805,NorthEast,28829.0,27324.89358,29797.35579,3733.0,3717.435932,3767.670105,12.95%,13.60%,12.64%,Minor Arterial,7150,60,16781,2,22931,Small Scale Residential,Residential,Division No. 11,886,2459.1,41.3,750.0,0,
438981,9/1/2022,2022,Estimation,53.6175903,-113.467425,5924726.321,30653.1157,NorthEast,24045.0,22790.49104,24852.66294,3139.0,3194.179165,3220.529281,13.05%,14.02%,12.96%,Minor Arterial,30096,60,16781,2,32133,Small Scale Flex Residential,Residential,Division No. 11,751,5229.8,62.8,645.0,0,
414356,9/1/2022,2022,Estimation,53.6159526,-113.4693406,5929782.771,33977.6681,NorthEast,20976.0,19881.61114,21680.57633,2438.0,2727.645536,2732.599652,11.62%,13.72%,12.60%,Minor Arterial,21770,60,5548,2,31859,Small Scale Flex Residential,Residential,Division No. 11,886,2459.1,41.3,750.0,0,
414348,9/1/2022,2022,Estimation,53.6158886,-113.460869,5929918.714,34089.4722,NorthEast,22748.0,21561.15991,23512.09718,2820.0,2835.793871,2853.443688,12.40%,13.15%,12.14%,Minor Arterial,25935,60,5548,2,26082,Small Scale Residential,Residential,Division No. 11,659,3813.7,53.9,510.0,0,
407628,9/1/2022,2022,Estimation,53.5995024,-113.5327787,5934849.565,33433.366,NorthWest,33053.0,33713.27372,31506.07516,3733.0,3552.84633,3592.923369,11.29%,10.54%,11.40%,Minor Arterial,6602,60,8884,2,30991,General Commercial,Commercial,Division No. 11,520,2060.2,53.5,430.0,0,
317908,9/1/2022,2022,Estimation,53.599481,-113.544525,5934971.487,33435.4853,NorthWest,35481.0,36189.77596,33820.44149,4124.0,3865.060539,3954.010328,11.62%,10.68%,11.69%,Minor Arterial,26497,60,8884,4,30791,General Commercial,Commercial,Division No. 11,536,2661.4,54.8,420.0,0,
407636,9/1/2022,2022,Estimation,53.59952,-113.53777,5934930.009,33372.5916,NorthWest,30251.0,31540.21441,29475.28543,3688.0,3404.980138,3453.859535,12.19%,10.80%,11.72%,Minor Arterial,21107,60,8884,3,32739,General Commercial,Commercial,Division No. 11,955,2731.7,34.4,755.0,0,
440765,9/8/2022,2022,Estimation,53.6057674,-113.4853305,5934958.06,33721.1122,NorthEast,3474.0,3292.749672,3590.690417,278.0,296.6223054,309.4186921,8.00%,9.01%,8.62%,Collector,9993,40,11970,2,24367,Small Scale Residential,Residential,Division No. 11,456,1582.8,37.5,360.0,0,
410112,9/8/2022,2022,Estimation,53.6067865,-113.4882173,5934885.537,33726.396,NorthEast,8879.0,8415.752543,9177.242433,954.0,989.5606673,1014.303858,10.74%,11.76%,11.05%,Collector,7146,50,7890,2,25843,Small Scale Residential,Residential,Division No. 11,456,1582.8,37.5,360.0,0,
441277,9/8/2022,2022,Estimation,53.6076723,-113.4919045,5934938.21,33773.1137,NorthWest,42903.0,43760.0394,40895.08191,5422.0,5450.945463,5544.315589,12.64%,12.46%,13.56%,Major Arterial,9976,70,12832,4,28358,Griesbach Low Density Residential Zone,Residential,Division No. 11,2502,3674.5,64.6,2060.0,0,
100768,9/15/2022,2022,Estimation,53.5409438,-113.5298829,5934952.085,33884.482,Downtown,20283.0,19612.02808,21345.78348,3271.0,3751.708218,3794.0736,16.13%,19.13%,17.77%,Minor Arterial,6487,40,4799,7,24139,Direct Development Control Provision,Direct Control Provisions,Division No. 11,825,24849.4,51.5,815.0,0,
207256,8/17/2022,2022,Estimation,53.4356553,-113.6094459,5934837.057,33848.944,SouthWest,26183.0,23366.63763,27226.11031,3078.0,3268.536469,3168.919866,11.76%,13.99%,11.64%,Minor Arterial,26089,60,7863,2,15648,Ambleside Shopping Centre,Others,Division No. 11,6706,3101.8,68.6,5160.0,0,
263033,8/17/2022,2022,Estimation,53.4347177,-113.6082318,5934967.754,33830.124,SouthWest,3536.0,3155.651785,3676.871483,498.0,527.6854691,517.3428113,14.08%,16.72%,14.07%,Collector,26004,40,3679,2,12368,Agriculture Zone,Agriculture,Division No. 11,6706,3101.8,68.6,5160.0,0,
263065,8/17/2022,2022,Estimation,53.4358213,-113.6076742,5934929.115,33497.7798,SouthWest,19644.0,17531.00217,20426.60164,2795.0,2911.583837,2796.618198,14.23%,16.61%,13.69%,Local,25824,60,3659,2,15648,Ambleside Shopping Centre,Others,Division No. 11,0,0.0,,,0,
262439,8/17/2022,2022,Estimation,53.4340587,-113.5988519,5938471.968,29395.8523,SouthWest,20971.0,18715.26402,21806.46829,493.5,507.6965866,493.2889778,2.35%,2.71%,2.26%,Collector,27404,40,10452,2,12367,Large Scale Residential,Residential,Division No. 11,6706,3101.8,68.6,5160.0,0,
262441,8/17/2022,2022,Estimation,53.4350552,-113.5990857,5938475.558,28896.3076,SouthWest,12354.0,11025.14767,12846.17372,1422.0,1660.339006,1605.20212,11.51%,15.06%,12.50%,Local,25824,60,3659,2,12237,Ambleside Urban Village Commercial,Commercial,Division No. 11,0,0.0,,,0,
207232,8/17/2022,2022,Estimation,53.434498,-113.5970442,5932436.454,24536.6321,SouthWest,11456.0,10223.74062,11912.39811,3272.0,3648.203488,3586.803998,28.56%,35.68%,30.11%,Minor Arterial,26092,60,13392,2,12240,Small Scale Flex Residential,Residential,Division No. 11,6706,3101.8,68.6,5160.0,0,
263531,8/17/2022,2022,Estimation,53.4296223,-113.6146799,5932572.694,24537.1183,SouthWest,23793.0,21233.71688,24740.89456,3953.0,4505.63911,4576.180364,16.61%,21.22%,18.50%,Minor Arterial,30408,70,11718,3,14255,Small Scale Flex Residential,Residential,Division No. 11,1046,3944.2,69.9,765.0,0,
263525,8/17/2022,2022,Estimation,53.4270717,-113.614617,5931924.505,27924.2062,SouthWest,19337.0,17257.02447,20107.371,3271.0,3423.702106,3491.447312,16.92%,19.84%,17.36%,Minor Arterial,30019,70,11718,2,31263,Neighbourhood Parks and Services,Residential,Division No. 11,6706,3101.8,68.6,5160.0,0,
205438,8/17/2022,2022,Estimation,53.4286257,-113.6129622,5929302.16,24400.1313,SouthWest,3633.0,3242.218024,3777.735888,564.0,630.0316467,637.3192584,15.52%,19.43%,16.87%,Collector,29645,40,8858,2,9229,Ambleside Low Rise Apartment,Residential,Division No. 11,6706,3101.8,68.6,5160.0,0,
251411,8/18/2022,2022,Estimation,53.4664764,-113.5040814,5929256.175,24603.8764,SouthWest,7391.0,6721.74864,7700.47678,824.0,1030.495516,1069.605248,11.15%,15.33%,13.89%,Collector,34804,50,5694,4,14103,Small Scale Residential,Residential,Division No. 11,473,1122.4,57.0,395.0,0,
251417,8/18/2022,2022,Estimation,53.4681521,-113.5041353,5929085.94,24612.5197,SouthWest,7690.0,6993.674339,8011.996542,910.0,1092.512518,1127.091685,11.83%,15.62%,14.07%,Collector,6112,50,3874,2,14202,Small Scale Residential,Residential,Division No. 11,777,2366.7,61.5,610.0,0,
218038,8/18/2022,2022,Estimation,53.4668619,-113.5095582,5939235.614,31956.3038,SouthWest,10569.0,9611.982328,11011.54635,1443.0,1497.135203,1540.585007,13.65%,15.58%,13.99%,Minor Arterial,19758,60,15621,2,31921,Small Scale Residential,Residential,Division No. 11,662,2128.6,63.0,595.0,0,
218026,8/18/2022,2022,Estimation,53.4678041,-113.4996927,5939270.453,33633.7233,SouthWest,17556.0,15966.31297,18291.1068,2315.0,2557.348409,2617.500466,13.19%,16.02%,14.31%,Minor Arterial,19660,60,15621,2,32201,Small Scale Residential,Residential,Division No. 11,473,1122.4,57.0,395.0,0,
213424,8/25/2022,2022,Estimation,53.453915,-113.5321312,5939229.879,33691.7787,SouthWest,26728.0,24307.79294,27847.15782,3873.0,3656.490684,3747.347628,14.49%,15.04%,13.46%,Minor Arterial,18614,60,1436,3,28442,Small-Medium Scale Transition Residential,Residential,Division No. 11,904,1360.8,64.8,895.0,0,
213436,8/25/2022,2022,Estimation,53.4546594,-113.5385164,5939229.135,33587.5629,SouthWest,29090.0,26455.91502,30308.05974,4049.0,3998.332672,4136.470978,13.92%,15.11%,13.65%,Minor Arterial,25947,60,9750,2,28443,Small Scale Flex Residential,Residential,Division No. 11,904,1360.8,64.8,895.0,0,
1002142,9/12/2022,2022,Midblock,53.592085,-113.485237,5932328.805,30824.7667,NorthEast,5484.0,6126.074241,6667.301161,695.0,527.0316918,583.5488613,12.67%,8.60%,8.75%,Collector,4104,50,17017,4,29677,Parks and Services,Others,Division No. 11,469,1653.7,55.6,450.0,0,
518876,9/19/2022,2022,Estimation,53.4998911,-113.4879205,5932059.902,30597.6419,SouthEast,28115.0,33562.40692,39985.00902,4202.5,5238.702109,5422.916843,14.95%,15.61%,13.56%,Minor Arterial,20773,60,17368,3,17871,Business Employment,Commercial,Division No. 11,5,2.4,,,0,
541763,9/19/2022,2022,Estimation,53.5011054,-113.4862208,5941999.303,31397.798,SouthEast,29476.0,35187.10676,41920.61625,4824.5,6790.47422,6957.07627,16.37%,19.30%,16.60%,Minor Arterial,20762,50,2127,2,29618,Small Scale Residential,Residential,Division No. 11,429,653.5,72.6,365.0,0,
111951,9/20/2022,2022,Estimation,53.5454541,-113.4955828,5931153.547,32993.3779,Downtown,3442.333333,3386.682978,3681.055567,513.0,458.3983285,461.7851892,14.90%,13.54%,12.54%,Collector,22632,40,8763,4,19549,Arena and Entertainment District Zone,Others,Division No. 11,1185,6929.8,71.9,890.0,0,
111952,9/20/2022,2022,Estimation,53.5465495,-113.4955378,5930250.558,34735.0291,Downtown,2614.333333,2572.06881,2795.634628,315.0,297.0727355,298.966945,12.05%,11.55%,10.69%,Local,37058,40,8763,5,19553,Arena and Entertainment District Zone,Others,Division No. 11,786,3336.2,54.3,700.0,0,
101266,9/20/2022,2022,Estimation,53.5461808,-113.4964911,5930979.734,34508.3004,Downtown,18156.33333,17862.80964,19415.45614,3199.0,2795.09648,2871.390066,17.62%,15.65%,14.79%,Minor Arterial,50711,50,11534,5,19553,Arena and Entertainment District Zone,Others,Division No. 11,1185,6929.8,71.9,890.0,0,
111829,9/20/2022,2022,Estimation,53.5464106,-113.49123,5931415.932,35729.0195,Downtown,1626.333333,1600.041275,1739.117857,155.0,128.3470696,139.2065089,9.53%,8.02%,8.00%,Local,36474,40,13167,4,33254,Core Commercial Arts Zone,Commercial,Division No. 11,45,263.8,,,0,
111827,9/20/2022,2022,Estimation,53.5457586,-113.4911581,5944547.411,38063.5587,Downtown,10678.0,10505.37451,11418.50819,2118.5,1837.241862,1940.688815,19.84%,17.49%,17.00%,Minor Arterial,5015,40,1990,3,14029,Core Commercial Arts Zone,Commercial,Division No. 11,531,14429.3,57.3,375.0,0,
101190,9/20/2022,2022,Estimation,53.5462289,-113.4904476,5942194.225,40632.4009,Downtown,13904.66667,13679.87739,14868.94083,2140.0,1988.316909,2071.981941,15.39%,14.53%,13.93%,Minor Arterial,21875,50,16632,4,27071,Core Commercial Arts Zone,Commercial,Division No. 11,0,0.0,,,0,
101186,9/20/2022,2022,Estimation,53.5463464,-113.4887659,5942145.473,34231.9021,Downtown,14096.0,13279.05214,14415.68763,2045.0,1906.046521,1985.737309,14.51%,14.35%,13.77%,Minor Arterial,21868,50,16632,4,27069,Core Commercial Arts Zone,Commercial,Division No. 11,0,0.0,,,0,
111781,9/20/2022,2022,Estimation,53.5453151,-113.4893145,5940078.419,36177.4386,Downtown,1761.0,1694.550373,1839.376644,168.0,169.5351829,180.5069813,9.54%,10.00%,9.81%,Collector,9122,40,13799,4,26517,Core Commercial Arts Zone,Commercial,Division No. 11,0,0.0,,,0,
111783,9/20/2022,2022,Estimation,53.5464907,-113.4895843,5932567.217,26341.2525,Downtown,751.0,657.0542142,713.4493537,29.0,37.92716121,38.32693474,3.86%,5.77%,5.37%,Local,11405,40,13799,2,26509,Core Commercial Arts Zone,Commercial,Division No. 11,45,263.8,,,0,
101262,9/20/2022,2022,Estimation,53.5461648,-113.4946025,5937187.62,33539.8888,Downtown,16562.0,16595.46807,18037.95647,2994.0,2618.25562,2703.415282,18.08%,15.78%,14.99%,Minor Arterial,22633,50,11534,6,31259,Core Commercial Arts Zone,Commercial,Division No. 11,1185,6929.8,71.9,890.0,0,
1012508,9/21/2022,2022,Midblock,53.578245,-113.556155,5939220.057,39588.0646,NorthWest,1405.0,872.094556,827.8988256,154.0,62.62776376,64.61082187,10.96%,7.18%,7.80%,Local,22761,40,11693,2,25081,Small Scale Residential,Residential,Division No. 11,562,1198.8,48.4,455.0,0,
1012514,9/21/2022,2022,Midblock,53.578305,-113.563697,5940036.545,32345.9747,NorthWest,1839.0,1750.92352,1739.548778,186.0,173.491084,191.6957472,10.11%,9.91%,11.02%,Local,12574,40,9033,2,24807,Small Scale Residential,Residential,Division No. 11,495,1620.3,58.0,440.0,0,
336513,9/27/2022,2022,Estimation,53.5242613,-113.6299954,5940060.24,34827.8592,NorthWest,30617.0,32466.77745,30341.18665,4075.5,4782.80547,4737.13423,13.31%,14.73%,15.61%,Minor Arterial,7232,60,17473,4,10305,Small Scale Residential,Residential,Division No. 11,683,2125.7,57.6,590.0,0,
336517,9/27/2022,2022,Estimation,53.5254855,-113.6299774,5920988.944,32249.9897,NorthWest,27132.0,28771.22533,26887.58129,3346.5,4141.314044,4079.947551,12.33%,14.39%,15.17%,Minor Arterial,7231,60,17473,3,10394,Parks and Services,Others,Division No. 11,683,2125.7,57.6,590.0,0,
302252,9/27/2022,2022,Estimation,53.5194921,-113.5789589,5925075.639,41064.689,NorthWest,17693.0,18761.9523,17533.61255,2469.5,2395.982854,2438.709787,13.96%,12.77%,13.91%,Minor Arterial,7100,60,13063,2,18813,General Commercial,Commercial,Division No. 11,461,3271.8,63.6,385.0,0,
1026241,10/4/2022,2022,Midblock,53.60674,-113.390858,5926260.962,38147.5467,NorthEast,1686.0,1636.084147,1770.545777,11.0,66.89643277,66.53964791,0.65%,4.09%,3.76%,Local,16611,40,16899,2,5685,Small-Medium Scale Transition Residential,Residential,Division No. 11,538,3705.2,37.5,440.0,0,
230458,10/4/2022,2022,Estimation,53.4961036,-113.6322976,5927308.856,39275.7876,NorthWest,10335.0,10986.91577,10267.60548,1130.0,1258.673548,1273.200013,10.93%,11.46%,12.40%,Minor Arterial,32144,60,11996,2,31563,Small Scale Residential,Residential,Division No. 11,915,4206.9,57.0,710.0,0,
264581,10/4/2022,2022,Estimation,53.4956809,-113.6292309,5921765.911,26613.9902,NorthWest,15570.0,16552.13145,15468.46806,1891.0,1941.817312,1972.999278,12.15%,11.73%,12.75%,Minor Arterial,7220,60,728,2,31324,Small Scale Residential,Residential,Division No. 11,486,2477.1,61.6,430.0,0,
264575,10/4/2022,2022,Estimation,53.4941508,-113.629114,5923070.117,25364.0334,NorthWest,15189.0,16147.09856,15089.95256,1860.0,1898.947132,1928.51937,12.25%,11.76%,12.78%,Minor Arterial,7221,60,4156,4,7638,Small Scale Residential,Residential,Division No. 11,486,2477.1,61.6,430.0,0,
401440,10/5/2022,2022,Estimation,53.5849571,-113.5174183,5924697.183,26692.1237,NorthWest,11224.0,11717.34558,10950.21425,1166.0,1164.564152,1214.855422,10.39%,9.94%,11.09%,Minor Arterial,5554,60,9164,3,25618,Small Scale Residential,Residential,Division No. 11,630,1988.0,46.5,505.0,0,
441237,10/5/2022,2022,Estimation,53.5851653,-113.4920844,5936336.074,32204.3156,NorthWest,45282.0,47272.34876,44177.44136,6134.5,6268.283086,6358.785409,13.55%,13.26%,14.39%,Major Arterial,21414,60,639,7,26048,Public Utility,Others,Division No. 11,474,3026.8,50.0,360.0,0,
401376,10/5/2022,2022,Estimation,53.584797,-113.4912121,5935504.745,32172.2784,NorthWest,9559.0,9979.161297,9325.828407,954.0,858.7112561,916.7961205,9.98%,8.61%,9.83%,Minor Arterial,17337,60,9164,4,25415,Site Specific Development Control Provision,Direct Control Provisions,Division No. 11,520,3060.6,52.4,410.0,0,
401384,10/5/2022,2022,Estimation,53.584797,-113.4927859,5937450.077,33293.3709,NorthWest,15891.0,16589.48134,15503.37266,1830.0,1963.96303,2034.119019,11.52%,11.84%,13.12%,Minor Arterial,22365,60,9164,4,25864,Public Utility,Others,Division No. 11,474,3026.8,50.0,360.0,0,
1005262,10/12/2022,2022,Midblock,53.522963,-113.535186,5932458.384,30366.6665,Downtown,8498.0,8216.881854,8945.238046,1366.0,1231.944793,1371.780024,16.07%,14.99%,15.34%,Minor Arterial,5952,50,1900,3,17926,Parks and Services,Others,Division No. 11,418,187.4,54.4,340.0,0,
1005286,10/12/2022,2022,Midblock,53.52056,-113.538637,5940876.058,34563.2546,Downtown,16657.0,16105.978,17533.63498,2841.0,3077.935446,3165.694054,17.06%,19.11%,18.05%,Minor Arterial,20384,50,2978,4,29723,Small Scale Residential,Residential,Division No. 11,418,187.4,54.4,340.0,0,
1003025,10/12/2022,2022,Midblock,53.609824,-113.525574,5927976.138,23436.2273,NorthWest,1037.0,1082.580842,1011.704578,49.0,59.43918187,62.24530115,4.73%,5.49%,6.15%,Collector,49890,30,6851,2,30109,Small-Medium Scale Transition Residential,Residential,Division No. 11,1260,3872.2,44.5,1000.0,0,
1005247,10/12/2022,2022,Midblock,53.512271,-113.50261,5935214.433,27148.53,SouthWest,6578.0,5674.477491,6348.989224,1032.0,1240.876844,1223.459234,15.69%,21.87%,19.27%,Collector,4993,30,13308,4,22950,Parks and Services,Others,Division No. 11,803,5117.9,62.0,710.0,0,
1004854,10/12/2022,2022,Midblock,53.504045,-113.476455,5939643.852,32010.9661,SouthEast,5207.0,5104.748501,6068.509037,565.0,719.3378143,748.7383813,10.85%,14.09%,12.34%,Collector,36335,40,454,2,29309,Parks and Services,Others,Division No. 11,429,653.5,72.6,365.0,0,
1004889,10/12/2022,2022,Midblock,53.510612,-113.479792,5927716.391,32832.6167,SouthEast,411.0,372.9555021,443.4155744,39.0,41.455869,42.86750637,9.49%,11.12%,9.67%,Local,14327,40,10505,2,14139,Parks and Services,Others,Division No. 11,563,3246.8,75.3,485.0,0,
1004743,10/12/2022,2022,Midblock,53.51445,-113.461341,5931087.612,23662.0071,SouthEast,665.0,689.8103786,819.9847332,54.0,54.227998,58.64827827,8.12%,7.86%,7.15%,Local,12521,50,2587,2,30389,Small Scale Residential,Residential,Division No. 11,415,3257.5,59.5,370.0,0,
1004859,10/13/2022,2022,Midblock,53.632278,-113.424547,5937266.279,23836.4372,NorthEast,3734.0,3539.184593,3833.412593,465.0,592.6234924,581.1232468,12.45%,16.74%,15.16%,Collector,28717,40,11542,4,33161,Small Scale Flex Residential,Residential,Division No. 11,2434,3382.4,71.4,1660.0,0,
1005245,10/13/2022,2022,Midblock,53.610941,-113.38602,5939913.823,32106.399,NorthEast,2276.0,2082.540298,2255.671044,226.0,239.9246928,239.9174919,9.93%,11.52%,10.64%,Collector,4448,30,416,2,17132,Parks and Services,Others,Division No. 11,2581,3871.3,60.6,1915.0,0,
1004752,10/13/2022,2022,Midblock,53.61096,-113.482736,5931917.731,27606.6811,NorthEast,2909.0,2441.114412,2641.997019,283.5,299.8342531,302.3462988,9.75%,12.28%,11.44%,Collector,4205,40,4881,2,27769,Small Scale Residential,Residential,Division No. 11,886,2459.1,41.3,750.0,0,
1011525,10/18/2022,2022,Midblock,53.592256,-113.453579,5931918.611,27794.7703,NorthEast,3890.0,3774.832344,4085.067065,334.0,356.8963118,379.5074388,8.59%,9.45%,9.29%,Collector,10096,30,7225,3,28957,Small Scale Residential,Residential,Division No. 11,499,1735.0,48.8,400.0,0,
1005428,10/18/2022,2022,Midblock,53.525349,-113.602772,5929623.233,26283.8085,NorthWest,8085.0,8594.98926,8032.277726,996.0,985.639006,1047.320461,12.32%,11.47%,13.04%,Minor Arterial,7230,50,2029,3,8324,Parks and Services,Others,Division No. 11,742,2044.1,52.1,595.0,0,
1005585,10/18/2022,2022,Midblock,53.566456,-113.493725,5935307.308,36759.1231,NorthWest,8612.0,9155.231603,8555.84116,1306.0,1081.510444,1124.113161,15.16%,11.81%,13.14%,Minor Arterial,7090,50,5035,3,33079,Small Scale Residential,Residential,Division No. 11,491,3771.1,48.6,370.0,0,
1005629,10/18/2022,2022,Midblock,53.584297,-113.402177,5935878.71,38151.9235,NorthEast,7350.0,6917.069095,7488.729866,737.0,807.3489312,808.8253281,10.03%,11.67%,10.80%,Collector,19950,50,4820,2,29336,Future Urban Development,Others,Division No. 11,820,1330.1,58.7,630.0,0,
1003060,10/18/2022,2022,Midblock,53.59213,-113.511451,5941629.316,36241.9161,NorthWest,4372.0,3299.421661,3174.072008,428.0,316.7923472,335.3466983,9.79%,9.60%,10.57%,Collector,4180,30,11047,4,29438,Parks and Services,Others,Division No. 11,563,2126.1,50.0,380.0,0,
1005409,10/18/2022,2022,Midblock,53.592184,-113.473964,5939237.318,34626.3976,NorthEast,5889.0,5440.763195,5885.361215,641.0,527.7265503,580.8374134,10.88%,9.70%,9.87%,Collector,4101,50,5447,4,29675,Parks and Services,Others,Division No. 11,534,2239.9,53.0,415.0,0,
1005430,10/19/2022,2022,Midblock,53.420981,-113.514859,5939230.798,34190.435,SouthWest,2536.0,2187.667211,2447.710044,270.0,305.27318,314.8893869,10.65%,13.95%,12.86%,Collector,22901,40,11182,2,8230,Medium Scale Residential,Residential,Division No. 11,3920,1055.8,68.1,2975.0,0,
1011516,10/19/2022,2022,Midblock,53.428499,-113.459162,5940088.2,37402.0746,SouthEast,5121.0,5054.858199,6011.45589,708.0,864.2527237,875.352595,13.83%,17.10%,14.56%,Collector,27572,40,2260,2,12112,Small Scale Flex Residential,Residential,Division No. 11,1473,5399.6,64.1,960.0,0,
1005431,10/19/2022,2022,Midblock,53.45709,-113.381733,5939228.699,30750.8652,SouthEast,3328.0,3160.198319,3765.120463,377.0,546.4457082,542.9173497,11.33%,17.29%,14.42%,Collector,29772,40,8585,2,7319,Public Utility,Others,Division No. 11,588,6599.3,61.0,500.0,0,
1005691,10/19/2022,2022,Midblock,53.46796,-113.425507,5945329.78,32990.6467,SouthEast,1840.0,1714.484639,2040.12431,158.0,189.1553903,194.9302344,8.59%,11.03%,9.55%,Collector,11237,30,2057,2,129,Parks and Services,Others,Division No. 11,336,2584.6,54.7,265.0,0,
1005424,10/19/2022,2022,Midblock,53.477293,-113.408386,5937820.34,31092.2525,SouthEast,4013.0,4080.748717,4852.689827,415.0,549.0992418,550.1142973,10.34%,13.46%,11.34%,Collector,10048,30,5188,2,25939,Medium Scale Residential,Residential,Division No. 11,392,1952.2,62.5,280.0,0,
1006022,10/20/2022,2022,Midblock,53.428277,-113.599574,5932889.717,27164.5497,SouthWest,3393.0,3142.862445,2959.472131,380.0,388.8175225,425.397296,11.20%,12.37%,14.37%,Collector,32788,40,5393,2,6955,Small Scale Flex Residential,Residential,Division No. 11,6706,3101.8,68.6,5160.0,0,
1006019,10/20/2022,2022,Midblock,53.440058,-113.618275,5936242.169,37102.7845,SouthWest,7315.0,8715.38958,8434.715002,1457.0,1429.669958,1487.988956,19.92%,16.40%,17.64%,Collector,31523,40,330,4,32823,Site Specific Development Control Provision,Direct Control Provisions,Division No. 11,1789,5776.6,71.6,1285.0,0,
1011488,10/20/2022,2022,Midblock,53.454613,-113.59815,5932431.146,38207.64,SouthWest,1918.0,1872.685071,1774.699621,221.0,228.1870397,235.6011136,11.52%,12.19%,13.28%,Collector,21315,40,8428,2,3136,Small Scale Residential,Residential,Division No. 11,637,992.2,57.0,535.0,0,
1007611,10/25/2022,2022,Midblock,53.558888,-113.513972,5922674.571,39561.4513,NorthWest,21386.0,22734.99571,21246.54193,2957.0,3119.600738,3235.611648,13.83%,13.72%,15.23%,Minor Arterial,21504,60,5823,3,33368,Parks and Services,Others,Division No. 11,596,2121.0,61.2,490.0,0,
1006205,10/25/2022,2022,Midblock,53.55142,-113.514541,5923698.771,36250.754,Downtown,20465.0,19447.89368,21127.92855,2928.0,3403.887631,3457.064634,14.31%,17.50%,16.36%,Minor Arterial,7415,50,1585,4,24424,Mixed Use,Others,Division No. 11,643,9969.0,53.3,610.0,0,
1007623,10/26/2022,2022,Midblock,53.56883,-113.497418,5929151.5,32887.0322,NorthWest,19443.0,19992.2698,19598.1989,2887.0,3097.48672,3073.187836,14.85%,15.49%,15.68%,Minor Arterial,6695,50,9092,4,32829,Urban Institution,Others,Division No. 11,435,1520.4,52.6,380.0,0,
1013660,11/1/2022,2022,Midblock,53.524154,-113.542081,5935042.643,35977.0008,Downtown,22507.0,23221.74716,25271.66548,3902.0,4366.223197,4607.181667,17.34%,18.80%,18.23%,Minor Arterial,23565,60,11394,2,12562,River Valley,Others,Division No. 11,418,187.4,54.4,340.0,0,
1013450,11/1/2022,2022,Midblock,53.599532,-113.47787,5943415.273,36865.8025,NorthEast,27116.0,27537.07134,29930.49188,2583.0,3106.493702,3119.062372,9.53%,11.28%,10.42%,Minor Arterial,7852,60,8884,2,21665,Small Scale Residential,Residential,Division No. 11,617,2588.1,41.4,435.0,0,
1012607,11/1/2022,2022,Midblock,53.484232,-113.646922,5945994.194,31646.7141,NorthWest,13831.0,15083.8848,14096.3471,1791.5,2070.528237,2089.917262,12.95%,13.73%,14.83%,Minor Arterial,28952,60,16312,2,7835,Public Utility,Others,Division No. 11,478,1910.5,50.0,380.0,0,
1012666,11/1/2022,2022,Midblock,53.549095,-113.590369,5941794.757,29201.3325,NorthWest,14764.0,16101.40086,15047.24667,1657.0,1626.676053,1720.486399,11.22%,10.10%,11.43%,Minor Arterial,9984,50,2306,3,24855,Medium Scale Residential,Residential,Division No. 11,552,3830.7,46.6,515.0,0,
1013447,11/1/2022,2022,Midblock,53.588622,-113.516551,5932230.481,26917.5205,NorthWest,9487.0,10346.38241,9669.007659,1166.0,1233.376233,1275.720528,12.29%,11.92%,13.19%,Minor Arterial,7722,50,4603,3,19520,Small Scale Residential,Residential,Division No. 11,630,1988.0,46.5,505.0,0,
1013704,11/1/2022,2022,Midblock,53.481396,-113.505393,5934525.559,38540.249,SouthWest,88038.0,87469.7899,90812.47734,14913.0,16024.63111,16657.58612,16.94%,18.32%,18.34%,Major Arterial,19945,80,13613,3,9171,Medium Scale Residential,Residential,Division No. 11,686,2922.9,57.0,500.0,0,
1013706,11/1/2022,2022,Midblock,53.512181,-113.643286,5936814.922,36676.4342,NorthWest,62176.0,65160.43936,63799.25747,10153.0,11294.28727,11466.11072,16.33%,17.33%,17.97%,Major Arterial,23546,80,13613,3,10257,Small Scale Residential,Residential,Division No. 11,961,1429.4,60.1,840.0,0,
1013770,11/1/2022,2022,Midblock,53.567693,-113.640186,5936331.297,30812.1683,NorthWest,17301.0,17990.17598,17607.53532,2128.0,1955.551725,2315.745148,12.30%,10.87%,13.15%,Minor Arterial,27369,60,3930,3,13792,Medium Industrial,Industrial,Division No. 11,141,14.9,,,0,
1016346,11/2/2022,2022,Midblock,53.591042,-113.515082,5926919.811,34858.9523,NorthWest,403.0,451.7131975,422.1396613,10.0,10.68848577,10.91608471,2.48%,2.37%,2.59%,Local,14375,40,16218,2,26976,Urban Facilities,Others,Division No. 11,470,693.8,59.1,330.0,0,
1012652,11/8/2022,2022,Midblock,53.519448,-113.583747,5943251.244,39724.8408,NorthWest,14678.0,16007.61053,14959.59676,1974.0,2233.595009,2264.201891,13.45%,13.95%,15.14%,Minor Arterial,5573,60,13063,2,18812,Parks and Services,Others,Division No. 11,365,2479.6,53.5,355.0,0,
1012785,11/8/2022,2022,Midblock,53.519446,-113.580911,5934802.06,29407.058,NorthWest,14962.0,16317.33674,15249.04529,2027.0,2304.414813,2341.459576,13.55%,14.12%,15.35%,Minor Arterial,20882,60,13063,2,18810,Medium Scale Residential,Residential,Division No. 11,469,3000.6,53.9,380.0,0,
1012659,11/8/2022,2022,Midblock,53.400757,-113.534642,5934135.415,28952.6612,SouthWest,2120.0,2188.416154,2295.794252,227.0,247.1050892,255.5022165,10.71%,11.29%,11.13%,Collector,28732,40,15547,2,9931,Small Scale Flex Residential,Residential,Division No. 11,4525,6149.8,71.8,3260.0,0,
1012647,11/8/2022,2022,Midblock,53.498898,-113.603885,5941919.981,42779.8234,NorthWest,1074.0,1186.11953,1164.270691,110.0,143.0687899,139.4107275,10.24%,12.06%,11.97%,Collector,4196,30,4317,4,15333,Parks and Services,Others,Division No. 11,559,1271.9,56.5,460.0,0,
1012625,11/9/2022,2022,Midblock,53.549345,-113.445355,5934668.064,25460.7433,Downtown,9737.0,9854.073886,10713.89318,1274.0,1398.525095,1478.365901,13.08%,14.19%,13.80%,Minor Arterial,5328,50,8514,4,15824,Medium Scale Residential,Residential,Division No. 11,643,1387.9,49.6,595.0,0,
1012645,11/9/2022,2022,Midblock,53.476482,-113.475861,5931590.017,25512.5584,SouthEast,1400.0,1455.610289,1735.826159,134.0,139.1027115,168.1621674,9.57%,9.56%,9.69%,Local,13070,50,14408,2,29656,Medium Industrial,Industrial,Division No. 11,52,7.8,,,0,
1012624,11/9/2022,2022,Midblock,53.55438,-113.424271,5933824.103,25510.442,SouthEast,441.0,473.8732645,564.3459796,16.0,24.06403378,23.91801292,3.63%,5.08%,4.24%,Local,4941,30,6784,2,2119,Small Scale Residential,Residential,Division No. 11,481,1605.5,69.5,410.0,0,
1013129,11/9/2022,2022,Midblock,53.606187,-113.452425,5930292.912,29979.4467,NorthEast,5292.0,5477.808039,5946.24187,429.0,578.7319959,604.9149126,8.11%,10.57%,10.17%,Collector,9562,50,6840,2,28594,Medium Scale Residential,Residential,Division No. 11,501,2845.0,51.4,360.0,0,
1016366,11/16/2022,2022,Midblock,53.584803,-113.477098,5926960.03,37141.7074,NorthEast,8801.0,8838.359095,9548.376441,765.0,947.5883814,1014.62939,8.69%,10.72%,10.63%,Minor Arterial,6798,60,9164,4,25610,Site Specific Development Control Provision,Direct Control Provisions,Division No. 11,544,1377.9,54.3,460.0,0,
1016370,11/16/2022,2022,Midblock,53.584773,-113.483682,5925190.611,37684.2309,NorthEast,8323.0,8358.330047,9029.784923,704.0,905.860005,968.1099945,8.46%,10.84%,10.72%,Minor Arterial,7729,60,9164,4,32910,General Commercial,Commercial,Division No. 11,499,2461.8,53.4,365.0,0,
1016615,11/16/2022,2022,Midblock,53.592258,-113.435082,5925193.087,37470.3701,NorthEast,3351.0,3365.224557,3635.565215,252.0,329.1189911,348.5659666,7.52%,9.78%,9.59%,Collector,10097,50,12821,3,29449,Small Scale Residential,Residential,Division No. 11,470,3094.1,38.6,415.0,0,
1016360,11/16/2022,2022,Midblock,53.584967,-113.535622,5940852.048,25049.5937,NorthWest,10578.0,11856.63078,11080.38049,1060.0,1273.697132,1323.983056,10.02%,10.74%,11.95%,Minor Arterial,18750,50,17309,3,25419,Small Scale Residential,Residential,Division No. 11,567,1933.8,40.4,495.0,0,
1016396,11/16/2022,2022,Midblock,53.639652,-113.501154,5922357.492,34455.9014,NorthWest,5699.0,6387.874721,5969.662357,697.0,849.6791422,837.0437518,12.23%,13.30%,14.02%,Collector,19365,50,1629,2,27920,Small Scale Residential,Residential,Division No. 11,351,2341.6,39.1,320.0,0,
1016810,11/16/2022,2022,Midblock,53.572292,-113.530607,5924944.985,25843.3904,NorthWest,16717.0,18737.69112,17510.93975,2588.0,2560.663731,2733.619366,15.48%,13.67%,15.61%,Minor Arterial,22376,60,340,2,31829,General Commercial,Commercial,Division No. 11,0,0.0,,,0,
1016816,11/16/2022,2022,Midblock,53.604621,-113.39613,5938815.629,37729.345,NorthEast,6925.0,6846.0248,7431.465924,686.0,829.578729,817.3169639,9.91%,12.12%,11.00%,Collector,27496,30,2125,4,18274,Parks and Services,Others,Division No. 11,976,2580.0,66.0,765.0,0,
1023782,11/17/2022,2022,Midblock,53.528205,-113.590329,5928229.154,38618.1067,NorthWest,11159.0,11439.78278,10690.82341,1159.0,957.2429275,1024.595225,10.39%,8.37%,9.58%,Minor Arterial,8966,50,2306,4,25321,Small Scale Residential,Residential,Division No. 11,488,2540.3,59.3,455.0,0,
1016639,11/17/2022,2022,Midblock,53.557721,-113.440059,5928564.22,38614.7083,SouthEast,52866.0,54965.92396,65566.61591,7519.0,9505.517134,9667.32959,14.22%,17.29%,14.74%,Minor Arterial,22523,80,3468,3,13466,River Valley,Others,Division No. 11,670,759.3,42.9,525.0,0,
1016640,11/17/2022,2022,Midblock,53.523398,-113.423851,5928299.114,37841.6525,SouthEast,9859.0,10250.6156,12227.54258,1265.0,1385.755215,1481.691502,12.83%,13.52%,12.12%,Minor Arterial,22553,60,2010,2,10997,Small Scale Residential,Residential,Division No. 11,347,2644.8,56.3,320.0,0,
1016687,11/17/2022,2022,Midblock,53.43563,-113.404666,5926577.659,37378.7979,SouthEast,69786.0,72558.01403,86551.5049,12685.0,18088.55726,18459.51753,18.18%,24.93%,21.33%,Major Arterial,30033,100,16604,2,694,Agriculture Zone,Agriculture,Division No. 11,1521,208.9,79.0,1025.0,0,
1016651,11/17/2022,2022,Midblock,53.445071,-113.454366,5926524.774,37169.6115,SouthEast,1620.0,1637.596583,1949.588982,117.0,126.5831478,130.8062617,7.22%,7.73%,6.71%,Collector,3420,30,13313,3,20774,Parks and Services,Others,Division No. 11,808,2425.7,56.4,745.0,0,
1016644,11/17/2022,2022,Midblock,53.494288,-113.504423,5926451.489,37319.4803,SouthWest,3823.0,3196.040358,3338.119351,568.0,478.4354525,486.0177962,14.86%,14.97%,14.56%,Collector,49946,30,486,2,20977,Small Scale Residential,Residential,Division No. 11,695,2484.8,48.8,645.0,0,
1016676,11/17/2022,2022,Midblock,53.547021,-113.457186,5926725.612,37255.2165,Downtown,5710.0,6116.011153,6665.527677,639.0,785.7435692,814.962014,11.19%,12.85%,12.23%,Minor Arterial,7315,50,14855,2,11076,River Valley,Others,Division No. 11,472,719.4,59.3,405.0,0,
1019480,11/22/2022,2022,Midblock,53.622191,-113.442788,5925598.521,37499.4136,NorthEast,16614.0,16871.99082,18338.44196,1990.0,2415.634243,2436.670711,11.98%,14.32%,13.29%,Minor Arterial,23964,60,1026,2,22999,Agriculture Zone,Agriculture,Division No. 11,439,2282.9,50.0,320.0,0,
1017472,11/22/2022,2022,Midblock,53.645705,-113.521407,5925623.31,37619.2682,NorthWest,54529.0,59468.52393,55575.13636,10026.0,11453.23293,11935.23665,18.39%,19.26%,21.48%,Major Arterial,28163,100,14225,2,28853,Agriculture Zone,Agriculture,Division No. 11,553,709.3,81.9,415.0,0,
1019484,11/22/2022,2022,Midblock,53.608113,-113.558781,5925760.676,37510.0772,NorthWest,3129.0,3412.441295,3189.029722,219.0,259.3608888,266.1598301,7.00%,7.60%,8.35%,Collector,24210,30,13766,2,14596,Parks and Services,Others,Division No. 11,3634,2733.6,63.8,2900.0,0,
1017474,11/22/2022,2022,Midblock,53.63953,-113.410771,5934927.635,32521.9816,NorthEast,58297.0,59726.52261,64775.19992,9561.0,11845.91265,12427.87217,16.40%,19.83%,19.19%,Major Arterial,28111,100,14225,2,28857,Agriculture Zone,Agriculture,Division No. 11,2683,1691.3,75.8,1985.0,0,
1019408,11/23/2022,2022,Midblock,53.522294,-113.594111,5934844.22,32584.5515,NorthWest,7555.0,8468.221358,7913.809283,779.0,647.379868,695.5996359,10.31%,7.64%,8.79%,Minor Arterial,18592,50,4468,2,26012,Mixed Use,Others,Division No. 11,857,2552.1,38.5,805.0,0,
1019376,11/23/2022,2022,Midblock,53.542193,-113.418578,5935081.157,34462.3473,SouthEast,16879.0,17549.46148,20927.86409,1933.0,2499.507243,2616.982495,11.45%,14.24%,12.50%,Minor Arterial,7750,50,8970,3,14637,Public Utility,Others,Division No. 11,820,2904.7,63.8,705.0,0,
400024,11/23/2022,2022,Estimation,53.5628974,-113.4464258,5935169.537,34432.4927,NorthEast,18504.0,18582.54706,20075.35027,2288.0,2743.655641,2777.209521,12.36%,14.76%,13.83%,Minor Arterial,22559,50,7618,3,15445,Medium Scale Residential,Residential,Division No. 11,487,1556.4,63.4,410.0,0,
102766,11/23/2022,2022,Estimation,53.5631645,-113.4450769,5940881.602,38171.3036,NorthEast,18444.0,18522.29237,20010.25509,2105.0,2654.25714,2664.432341,11.41%,14.33%,13.32%,Minor Arterial,7638,50,7618,3,19504,Medium Scale Residential,Residential,Division No. 11,487,1556.4,63.4,410.0,0,
104526,11/23/2022,2022,Estimation,53.570332,-113.5320143,5936403.914,32570.4798,NorthWest,28329.0,31753.30812,29674.42796,3951.0,4465.042283,4625.489771,13.95%,14.06%,15.59%,Minor Arterial,22790,50,17078,3,23393,Mixed Use,Others,Division No. 11,655,2409.0,62.4,585.0,0,
102648,11/23/2022,2022,Estimation,53.5589286,-113.534982,5936502.577,32643.5469,NorthWest,24204.0,27129.69288,25353.51951,3226.0,3612.665923,3778.563235,13.33%,13.32%,14.90%,Minor Arterial,8152,50,3815,2,21101,Mixed Use,Others,Division No. 11,686,4352.8,55.8,565.0,0,
113135,11/23/2022,2022,Estimation,53.5580792,-113.5359173,5936639.899,32448.5916,NorthWest,12021.0,13474.05545,12591.91282,1707.0,1484.066926,1527.292366,14.20%,11.01%,12.13%,Minor Arterial,21346,40,5040,4,25302,Medium Scale Residential,Residential,Division No. 11,414,4981.9,62.7,375.0,0,
113137,11/23/2022,2022,Estimation,53.5596657,-113.5359713,5940819.179,38309.932,NorthWest,10070.0,11287.22555,10548.25406,1449.0,1024.081627,1044.036041,14.39%,9.07%,9.90%,Minor Arterial,6492,40,5040,4,25493,Medium Scale Residential,Residential,Division No. 11,686,4352.8,55.8,565.0,0,
1019530,11/24/2022,2022,Midblock,53.474108,-113.474957,5926064.573,36485.9333,SouthEast,4795.0,4985.46524,5946.958789,572.0,668.3036478,742.7555119,11.93%,13.41%,12.49%,Collector,9488,50,710,3,11595,Business Employment,Commercial,Division No. 11,52,7.8,,,0,
1023786,12/1/2022,2022,Midblock,53.531693,-113.462453,5926957.085,39385.0072,Downtown,2076.0,2171.188123,2368.686086,265.0,340.0886983,346.4592781,12.76%,15.66%,14.63%,Collector,9697,30,998,3,12937,Parks and Services,Others,Division No. 11,657,2162.6,63.2,585.0,0,
415980,12/1/2022,2022,Estimation,53.6193133,-113.3987978,5927027.929,36490.7926,NorthEast,7048.0,7555.080839,8247.293741,292.0,697.8278964,668.3103924,4.14%,9.24%,8.10%,Local,11084,40,11321,2,6147,Direct Development Control Provision,Direct Control Provisions,Division No. 11,20,5.7,,,0,
435163,12/1/2022,2022,Estimation,53.6205082,-113.3995982,5925173.545,28124.9395,NorthEast,22850.0,24493.98371,26738.17565,3102.5,3936.92895,4023.971412,13.58%,16.07%,15.05%,Major Arterial,28772,70,3207,3,22028,Direct Development Control Provision,Direct Control Provisions,Division No. 11,2372,4263.1,65.9,1905.0,0,
1025814,12/15/2022,2022,Midblock,53.545268,-113.556331,5932111.672,36137.3973,NorthWest,664.0,685.1413745,640.2853611,109.0,107.8543768,111.5632714,16.42%,15.74%,17.42%,Collector,3660,40,8441,2,25080,Small Scale Residential,Residential,Division No. 11,462,2158.9,70.4,355.0,0,
1025818,12/15/2022,2022,Midblock,53.539303,-113.563248,5928125.98,40998.3438,NorthWest,1323.0,1365.123552,1275.749297,139.0,86.84196558,95.51389603,10.51%,6.36%,7.49%,Local,15268,40,16679,2,26871,Small Scale Residential,Residential,Division No. 11,480,625.6,64.4,365.0,0,
1061528,4/18/2023,2023,Midblock,53.608306,-113.353611,5944132.556,33770.9605,NorthEast,62275.0,57375.54976,64779.39972,10838.0,11987.02848,12531.33198,17.40%,20.89%,19.34%,Major Arterial,35462,100,16276,3,20484,Agriculture Zone,Agriculture,Division No. 11,1125,1240.2,63.9,915.0,0,
1060214,4/19/2023,2023,Midblock,53.54427,-113.615879,5940113.551,35271.1352,NorthWest,25692.0,23526.71897,24172.92248,3662.0,3830.376245,3954.797592,14.25%,16.28%,16.36%,Minor Arterial,28603,60,14654,4,29546,Business Employment,Commercial,Division No. 11,141,14.9,,,0,
1060218,4/19/2023,2023,Midblock,53.516609,-113.615348,5940069.969,35242.878,NorthWest,29833.0,27318.72206,28069.07972,4453.0,5059.180494,4972.782164,14.93%,18.52%,17.72%,Minor Arterial,19909,60,17187,3,26000,Small Scale Residential,Residential,Division No. 11,1032,3556.2,51.5,845.0,0,
1060220,4/19/2023,2023,Midblock,53.536684,-113.615198,5943945.628,33610.4767,NorthWest,43382.0,39725.83382,40816.97505,6087.0,6692.452976,6722.990722,14.03%,16.85%,16.47%,Minor Arterial,25726,60,16356,3,23579,Small Scale Residential,Residential,Division No. 11,568,735.0,51.6,320.0,0,
1060213,4/19/2023,2023,Midblock,53.504718,-113.548127,5944341.228,33610.9265,SouthWest,35288.0,34025.98495,36038.04659,6459.0,7030.162477,7097.996295,18.30%,20.66%,19.70%,Minor Arterial,36718,70,4004,2,15479,River Valley,Others,Division No. 11,638,246.8,63.3,395.0,0,
515348,4/26/2023,2023,Estimation,53.4743134,-113.4405713,5944133.793,33445.522,SouthEast,5557.0,5447.021129,6479.210188,563.0,699.5290255,751.467252,10.13%,12.84%,11.60%,Collector,33834,40,3831,2,32228,Small Scale Residential,Residential,Division No. 11,760,3944.0,56.1,570.0,0,
511354,4/26/2023,2023,Estimation,53.4583756,-113.4326123,5937715.367,24899.9983,SouthEast,7603.0,7452.528639,8864.753474,995.0,1133.816579,1198.732747,13.09%,15.21%,13.52%,Collector,19748,40,8206,2,32113,Site Specific Development Control Provision,Direct Control Provisions,Division No. 11,645,1363.1,51.2,420.0,0,
511360,4/26/2023,2023,Estimation,53.4584131,-113.4358318,5927222.639,42312.7914,SouthEast,8443.0,8275.904156,9844.15541,529.0,636.3877119,661.6164919,6.27%,7.69%,6.72%,Minor Arterial,19819,50,4138,2,32118,Urban Facilities,Others,Division No. 11,1049,6039.1,31.3,655.0,0,
1063548,4/27/2023,2023,Midblock,53.599857,-113.621586,5926576.567,41910.4567,NorthWest,9107.0,7919.97009,8137.506264,1353.0,1209.885868,1281.049408,14.86%,15.28%,15.74%,Minor Arterial,30876,60,10021,3,30801,Agriculture Zone,Agriculture,Division No. 11,134,7.3,52.0,125.0,0,
1063576,4/27/2023,2023,Midblock,53.433139,-113.481527,5926945.592,41905.0385,SouthEast,18756.0,18165.93239,21598.01192,2969.0,3544.034011,3488.080206,15.83%,19.51%,16.15%,Minor Arterial,27069,60,8406,2,31285,Agriculture Zone,Agriculture,Division No. 11,20,3.9,,,0,
1063554,4/27/2023,2023,Midblock,53.456882,-113.610907,5926795.836,41879.4924,SouthWest,90844.0,83318.34458,88245.21575,18383.0,18555.72336,18907.04303,20.24%,22.27%,21.43%,Major Arterial,26780,100,1029,2,8594,Agriculture Zone,Agriculture,Division No. 11,952,425.7,65.2,820.0,0,
1072212,5/2/2023,2023,Midblock,53.5808,-113.430293,5926795.767,42006.0901,NorthEast,53319.0,46916.33065,51157.37899,8250.0,8453.27341,0.0,15.47%,18.02%,0.00%,Major Arterial,5297,80,8018,4,32863,Business Employment,Commercial,Division No. 11,502,618.6,49.4,435.0,0,
1072217,5/2/2023,2023,Midblock,53.581837,-113.514192,5926122.28,41908.1495,NorthWest,62183.0,57216.72998,58788.29003,9354.0,8994.661935,0.0,15.04%,15.72%,0.00%,Major Arterial,22360,70,4731,3,21937,Alternative Jurisdiction,Others,Division No. 11,0,0.0,,,0,
1072192,5/2/2023,2023,Midblock,53.485611,-113.418179,5923905.473,41920.5988,SouthEast,35565.0,36106.17167,42895.57666,4753.0,5538.452307,5736.597834,13.36%,15.34%,13.37%,Minor Arterial,20460,60,1558,2,31706,Parks and Services,Others,Division No. 11,555,342.0,56.8,405.0,0,
1072199,5/2/2023,2023,Midblock,53.488622,-113.418189,5923921.017,41925.2383,SouthEast,37134.0,37699.04622,44787.97536,5430.0,6026.520274,6561.560576,14.62%,15.99%,14.65%,Minor Arterial,27429,60,1558,2,31663,General Commercial,Commercial,Division No. 11,48,3.4,0.0,40.0,0,
1072185,5/2/2023,2023,Midblock,53.486296,-113.429868,5921971.194,38670.4132,SouthEast,79470.0,71162.47538,84693.18155,12885.0,14408.80619,15194.06021,16.21%,20.25%,17.94%,Major Arterial,20368,80,10544,3,16379,River Valley,Others,Division No. 11,555,342.0,56.8,405.0,0,
514280,5/2/2023,2023,Estimation,53.4708608,-113.4370459,5930769.803,31495.7952,SouthEast,1684.0,1709.624437,2031.102239,102.0,92.15115047,96.9736512,6.06%,5.39%,4.77%,Collector,9478,40,11251,2,29421,Small Scale Residential,Residential,Division No. 11,623,3624.2,46.7,535.0,0,
514292,5/2/2023,2023,Estimation,53.4704004,-113.4402025,5930706.74,31589.8832,SouthEast,1990.0,2020.280659,2400.17426,89.0,102.2377755,103.158493,4.47%,5.06%,4.30%,Collector,10333,40,11251,2,29181,Small-Medium Scale Transition Residential,Residential,Division No. 11,760,3944.0,56.1,570.0,0,
536767,5/2/2023,2023,Estimation,53.4697313,-113.4379542,5930607.331,31319.6754,SouthEast,18046.0,18320.59536,21765.60035,2504.0,3015.430919,3161.733304,13.88%,16.46%,14.53%,Minor Arterial,5686,60,483,2,32277,Small Scale Residential,Residential,Division No. 11,706,2887.5,54.3,635.0,0,
536771,5/2/2023,2023,Estimation,53.472199,-113.4388895,5930498.751,31639.6049,SouthEast,18540.0,18822.11227,22361.42251,2562.0,3091.008674,3246.050022,13.82%,16.42%,14.52%,Minor Arterial,19917,60,483,2,32284,Small Scale Residential,Residential,Division No. 11,760,3944.0,56.1,570.0,0,
512012,5/2/2023,2023,Estimation,53.4620541,-113.4353462,5939198.682,27205.2632,SouthEast,1900.0,1928.911182,2291.623666,142.0,191.2910053,194.0909272,7.47%,9.92%,8.47%,Collector,3545,40,3544,2,28939,Small Scale Residential,Residential,Division No. 11,1049,6039.1,31.3,655.0,0,
512004,5/2/2023,2023,Estimation,53.4622683,-113.4335386,5939206.994,26997.9688,SouthEast,3643.0,3698.433387,4393.886849,406.0,481.4597091,542.4752547,11.14%,13.02%,12.35%,Collector,9410,40,3544,2,28943,Urban Facilities,Others,Division No. 11,645,1363.1,51.2,420.0,0,
536763,5/2/2023,2023,Estimation,53.4635104,-113.4351663,5939280.823,27129.7549,SouthEast,17244.0,17506.3918,20798.29394,2003.09,2418.235868,2525.337053,11.62%,13.81%,12.14%,Minor Arterial,19837,60,1843,2,32285,Small Scale Residential,Residential,Division No. 11,524,2808.1,48.4,455.0,0,
101290,5/9/2023,2023,Estimation,53.5462396,-113.5075347,5939227.732,28989.3419,Downtown,18565.0,17396.49844,18991.71803,3044.0,3069.725856,3120.368672,16.40%,17.65%,16.43%,Minor Arterial,22672,50,11534,6,22906,Urban Institution,Others,Division No. 11,620,2170.1,50.6,435.0,0,
101294,5/9/2023,2023,Estimation,53.5462128,-113.5093244,5942790.359,40122.6978,Downtown,22979.0,21532.67641,23507.17418,3654.5,3859.04074,3907.254631,15.90%,17.92%,16.62%,Minor Arterial,22673,50,11534,6,22907,Urban Warehouse Zone,Others,Division No. 11,1541,3836.2,58.7,1380.0,0,
112259,5/9/2023,2023,Estimation,53.5454594,-113.5083891,5924709.638,28850.9372,Downtown,27518.0,25785.98675,28150.50346,4902.0,5660.652409,5576.835861,17.81%,21.95%,19.81%,Minor Arterial,7920,50,3357,4,28684,Urban Warehouse Zone,Others,Division No. 11,513,2207.4,74.7,455.0,0,
111525,5/9/2023,2023,Estimation,53.5474686,-113.4800335,5924652.651,28986.2951,Downtown,16319.0,15291.86415,16694.09354,2055.0,2167.277388,2183.074273,12.59%,14.17%,13.08%,Minor Arterial,7541,50,91,4,16995,Medium Scale Residential,Residential,Division No. 11,609,6324.0,17.9,420.0,0,
111527,5/9/2023,2023,Estimation,53.5482647,-113.4804742,5924650.71,28532.6441,Downtown,14912.0,13973.42228,15254.75353,1757.0,1822.360192,1817.774564,11.78%,13.04%,11.92%,Minor Arterial,6823,50,91,4,16996,Direct Development Control Provision,Direct Control Provisions,Division No. 11,609,6324.0,17.9,420.0,0,
407410,5/9/2023,2023,Estimation,53.5993316,-113.4233672,5924567.483,31514.993,NorthEast,25832.0,22730.03344,24784.73741,2553.0,2866.659766,2849.116487,9.88%,12.61%,11.50%,Minor Arterial,20983,60,9313,2,32174,General Commercial,Commercial,Division No. 11,809,2880.0,25.6,430.0,0,
112275,5/9/2023,2023,Estimation,53.559475,-113.508439,5924646.787,31340.6269,NorthWest,26999.0,24842.71413,25525.0638,4838.0,5016.878289,5077.064356,17.92%,20.19%,19.89%,Minor Arterial,6462,50,12062,3,28918,Neighbourhood Commercial,Commercial,Division No. 11,736,1590.0,56.2,730.0,0,
112277,5/9/2023,2023,Estimation,53.5618452,-113.5084251,5926065.908,34557.388,NorthWest,18672.0,17180.7533,17652.65348,3153.0,3315.41982,3350.123517,16.89%,19.30%,18.98%,Minor Arterial,21339,50,12062,2,31916,General Commercial,Commercial,Division No. 11,31,24.7,,,0,
102972,5/9/2023,2023,Estimation,53.560357,-113.507326,5926238.089,34556.729,NorthWest,11799.0,10856.66817,11154.86602,1715.0,1764.062457,1833.699261,14.54%,16.25%,16.44%,Minor Arterial,21335,60,5809,3,15222,General Commercial,Commercial,Division No. 11,736,1590.0,56.2,730.0,0,
102976,5/9/2023,2023,Estimation,53.561603,-113.510254,5925760.707,35424.4447,NorthWest,21856.0,20110.46187,20662.83175,3349.0,3395.308722,3496.390933,15.32%,16.88%,16.92%,Minor Arterial,10565,60,5809,3,15223,Alternative Jurisdiction,Others,Division No. 11,736,1590.0,56.2,730.0,0,
407404,5/9/2023,2023,Estimation,53.5987606,-113.4212808,5926165.795,35416.633,NorthEast,25804.0,22598.04579,24640.81861,2447.5,2910.182012,2884.208499,9.48%,12.88%,11.71%,Minor Arterial,19741,60,9313,4,33249,General Commercial,Commercial,Division No. 11,507,1442.8,40.7,430.0,0,
1072734,5/10/2023,2023,Midblock,53.466313,-113.450552,5923584.543,40103.3067,SouthEast,8971.0,8270.034571,9834.049102,973.0,1091.292902,1173.661248,10.85%,13.20%,11.93%,Collector,19999,40,12350,4,9624,Small Scale Residential,Residential,Division No. 11,740,4504.0,50.5,515.0,0,
1072739,5/10/2023,2023,Midblock,53.474124,-113.406785,5923788.2,40289.2061,SouthEast,3250.0,2996.055329,3562.664094,356.0,424.1050172,424.7208942,10.95%,14.16%,11.92%,Collector,23846,40,1606,2,25688,Small Scale Residential,Residential,Division No. 11,318,1470.2,62.2,225.0,0,
1072851,5/10/2023,2023,Midblock,53.474969,-113.450367,5923276.17,40293.5595,SouthEast,4960.0,4572.441364,5437.173509,495.0,555.3750089,613.780466,9.98%,12.15%,11.29%,Collector,5795,30,5002,4,85,Parks and Services,Others,Division No. 11,974,4413.2,45.7,690.0,0,
1073553,5/11/2023,2023,Midblock,53.458819,-113.576537,5943465.263,31439.1228,SouthWest,2096.0,1898.815146,2011.097953,200.0,137.7058024,157.8271818,9.54%,7.25%,7.85%,Collector,26312,30,5145,2,10494,Parks and Services,Others,Division No. 11,1361,4261.1,56.0,1090.0,0,
1073858,5/17/2023,2023,Midblock,53.484314,-113.408132,5943222.151,30852.2472,SouthEast,4949.0,4562.300869,5425.115261,595.0,690.3663417,691.9123424,12.02%,15.13%,12.75%,Collector,10920,30,10028,2,2310,Parks and Services,Others,Division No. 11,885,3670.7,57.5,765.0,0,
539279,5/17/2023,2023,Estimation,53.519265,-113.455143,5934639.989,34066.161,Downtown,12573.0,11355.00826,12357.04921,1724.0,1676.638541,1816.550638,13.71%,14.77%,14.70%,Minor Arterial,22255,50,17028,3,27288,Site Specific Development Control Provision,Direct Control Provisions,Division No. 11,804,1747.8,45.1,810.0,0,
539283,5/17/2023,2023,Estimation,53.5206737,-113.4551043,5934740.901,34039.1971,Downtown,11804.0,10660.50406,11601.25737,1629.0,1590.249055,1726.465688,13.80%,14.92%,14.88%,Minor Arterial,8574,50,17028,3,27289,Medium Scale Residential,Residential,Division No. 11,804,1747.8,45.1,810.0,0,
1073898,5/25/2023,2023,Midblock,53.484504,-113.382334,5934681.136,33750.5062,SouthEast,59710.0,55044.45037,65703.16038,10110.0,10170.91149,10646.03816,16.93%,18.48%,16.20%,Major Arterial,31036,80,10544,3,16710,Small Scale Residential,Residential,Division No. 11,458,2294.6,64.1,390.0,0,
420384,5/25/2023,2023,Estimation,53.6288447,-113.4894854,5934675.619,33560.3829,NorthEast,31987.0,27483.66965,29706.2237,4097.0,4055.744071,3997.82559,12.81%,14.76%,13.46%,Minor Arterial,19179,60,12644,2,28134,Small Scale Residential,Residential,Division No. 11,570,2000.7,58.4,505.0,0,
438941,5/25/2023,2023,Estimation,53.5926334,-113.4672631,5933282.405,35250.0806,NorthEast,34373.0,29533.75361,31922.0942,4671.0,4647.216084,4696.327142,13.59%,15.74%,14.71%,Minor Arterial,7262,60,16781,3,7183,Mixed Use,Others,Division No. 11,465,4692.2,52.6,380.0,0,
404320,5/25/2023,2023,Estimation,53.5922437,-113.4676948,5938108.739,38523.7811,NorthEast,6850.0,5885.614065,6361.5729,794.0,619.3485989,682.713223,11.59%,10.52%,10.73%,Collector,7345,50,17068,2,24016,Mixed Use,Others,Division No. 11,538,6176.8,31.3,320.0,0,
441301,5/25/2023,2023,Estimation,53.6271754,-113.4919315,5938272.189,38526.0228,NorthWest,33088.0,29058.57658,29856.72247,4385.0,4177.649876,4207.748406,13.25%,14.38%,14.09%,Major Arterial,6411,70,12832,4,30270,General Commercial,Commercial,Division No. 11,762,2908.4,49.2,610.0,0,
441305,5/25/2023,2023,Estimation,53.63073,-113.491882,5938185.354,38592.0434,NorthWest,30885.0,27123.8557,27868.86102,4683.0,4288.497346,4320.36343,15.16%,15.81%,15.50%,Major Arterial,6419,80,9486,3,29240,Small Scale Flex Residential,Residential,Division No. 11,760,2975.7,54.0,620.0,0,
420392,5/25/2023,2023,Estimation,53.6288767,-113.4944047,5938183.078,38456.4584,NorthWest,25930.0,22772.27063,23397.75186,3233.0,2938.818447,2899.501045,12.47%,12.91%,12.39%,Minor Arterial,19186,60,6761,2,32234,Small Scale Residential,Residential,Division No. 11,760,2975.7,54.0,620.0,0,
1077852,5/30/2023,2023,Midblock,53.571679,-113.624096,5941748.976,38788.0967,NorthWest,60766.0,55912.89926,57448.64724,9894.0,8662.285955,9408.044951,16.28%,15.49%,16.38%,Major Arterial,23729,90,533,3,21940,Business Employment,Commercial,Division No. 11,141,14.9,,,0,
515176,6/6/2023,2023,Estimation,53.4762831,-113.362654,5941731.227,38939.4314,SouthEast,17150.0,15009.44953,17764.374,2533.0,3198.038795,3145.687724,14.77%,21.31%,17.71%,Minor Arterial,25990,50,4422,2,13398,Direct Development Control Provision,Direct Control Provisions,Division No. 11,704,2296.2,74.8,575.0,0,
530565,6/6/2023,2023,Estimation,53.4771234,-113.3642189,5921403.696,28811.2903,SouthEast,11095.0,9710.1949,11492.46236,1310.0,1638.934299,1603.027506,11.81%,16.88%,13.95%,Collector,28134,50,13168,2,13599,Direct Development Control Provision,Direct Control Provisions,Division No. 11,704,2296.2,74.8,575.0,0,
530739,6/6/2023,2023,Estimation,53.47051,-113.3688,5921404.492,29136.4841,SouthEast,24755.0,21665.24333,25641.81215,3787.0,4574.765602,4501.689598,15.30%,21.12%,17.56%,Minor Arterial,31077,60,14275,2,14387,Small Scale Flex Residential,Residential,Division No. 11,1233,4611.1,72.2,970.0,0,
530743,6/6/2023,2023,Estimation,53.4738263,-113.3688324,5939002.82,25475.3754,SouthEast,25212.0,22065.20359,26115.18351,3756.0,4549.317255,4512.928236,14.90%,20.62%,17.28%,Minor Arterial,31074,60,14275,3,10270,Small Scale Flex Residential,Residential,Division No. 11,1416,4930.4,62.4,1130.0,0,
514712,6/6/2023,2023,Estimation,53.4724827,-113.3692371,5937964.961,25478.7306,SouthEast,5126.0,4486.206314,5309.631553,626.0,749.2588043,745.3228047,12.21%,16.70%,14.04%,Collector,22724,40,1793,2,13261,Small Scale Flex Residential,Residential,Division No. 11,1416,4930.4,62.4,1130.0,0,
514704,6/6/2023,2023,Estimation,53.472472,-113.3673305,5938805.323,27080.1254,SouthEast,6077.0,5318.508734,6294.699754,752.0,852.2446845,855.9767155,12.37%,16.02%,13.60%,Collector,29392,40,7064,2,10382,Small Scale Flex Residential,Residential,Division No. 11,1233,4611.1,72.2,970.0,0,
530735,6/6/2023,2023,Estimation,53.4664282,-113.3688953,5927788.529,30003.2224,SouthEast,26267.0,22988.52541,27207.97737,3960.0,4771.229399,4677.033004,15.08%,20.75%,17.19%,Minor Arterial,30345,60,6349,2,23573,Agriculture Zone,Agriculture,Division No. 11,1697,5150.2,60.1,1440.0,0,
530695,6/6/2023,2023,Estimation,53.4465081,-113.3690032,5941288.842,40564.7083,SouthEast,19587.0,17142.27918,20288.676,3348.0,4185.613698,4144.602507,17.09%,24.42%,20.43%,Minor Arterial,34256,60,6349,3,23576,Agriculture Zone,Agriculture,Division No. 11,5,2.8,,,0,
530699,6/6/2023,2023,Estimation,53.4466474,-113.3689313,5940485.353,38813.8803,SouthEast,18300.0,16015.91408,18955.57109,2935.0,3651.431791,3597.221568,16.04%,22.80%,18.98%,Minor Arterial,35425,60,6349,3,23576,Small Scale Flex Residential,Residential,Division No. 11,5,2.8,,,0,
534751,6/6/2023,2023,Estimation,53.4293758,-113.4181602,5940833.419,38816.4686,SouthEast,40603.0,35535.19996,42057.54388,6378.0,7523.113272,7577.804584,15.71%,21.17%,18.02%,Minor Arterial,32460,60,9614,3,17802,Medium Scale Residential,Residential,Division No. 11,3933,3009.6,65.9,3170.0,0,
254885,6/7/2023,2023,Estimation,53.5089146,-113.5252244,5935436.002,29431.6539,SouthWest,38089.0,34634.85225,36682.91808,6576.0,6460.235828,6840.487966,17.26%,18.65%,18.65%,Minor Arterial,9769,50,5695,2,17625,Small Scale Residential,Residential,Division No. 11,586,2250.4,62.5,480.0,0,
234280,6/7/2023,2023,Estimation,53.5083423,-113.5238125,5935377.94,29400.82,SouthWest,14834.0,13488.76049,14286.39258,2827.0,3061.511524,2868.830437,19.06%,22.70%,20.08%,Collector,10933,40,12347,2,17688,Small Scale Residential,Residential,Division No. 11,433,2773.9,72.6,365.0,0,
233926,6/7/2023,2023,Estimation,53.5074652,-113.5278954,5928948.256,25038.7746,SouthWest,41600.0,37827.4529,40064.30707,7360.0,7477.164692,7525.091371,17.69%,19.77%,18.78%,Minor Arterial,30410,60,15700,2,17675,Small Scale Residential,Residential,Division No. 11,586,2250.4,62.5,480.0,0,
254513,6/7/2023,2023,Estimation,53.5064704,-113.523084,5926777.227,27050.5847,SouthWest,24139.0,21949.92513,23247.89203,4098.0,3990.225332,4189.543188,16.98%,18.18%,18.02%,Minor Arterial,8559,60,13512,2,19382,Alternative Jurisdiction,Others,Division No. 11,638,246.8,63.3,395.0,0,
316724,6/7/2023,2023,Estimation,53.5848931,-113.5891662,5926707.733,26875.4288,NorthWest,7803.0,6881.580391,7070.595331,808.0,573.8047278,711.3980668,10.35%,8.34%,10.06%,Collector,29793,50,4614,3,26107,Business Employment,Commercial,Division No. 11,134,7.3,52.0,125.0,0,
316732,6/7/2023,2023,Estimation,53.5849785,-113.5922958,5926563.806,26891.0926,NorthWest,3562.0,3141.380155,3227.663792,340.0,192.831273,252.8966765,9.55%,6.14%,7.84%,Collector,9250,50,4614,5,26119,Business Employment,Commercial,Division No. 11,134,7.3,52.0,125.0,0,
334861,6/7/2023,2023,Estimation,53.5856351,-113.5902993,5926587.021,27018.2333,NorthWest,24950.0,22003.77172,22608.14475,3057.0,2709.409623,3052.064216,12.25%,12.31%,13.50%,Minor Arterial,9969,70,9662,5,26384,Business Employment,Commercial,Division No. 11,134,7.3,52.0,125.0,0,
316652,6/7/2023,2023,Estimation,53.5850586,-113.5622225,5925773.725,28528.5161,NorthWest,6224.0,5489.037082,5639.803324,545.0,395.2732012,480.3630826,8.76%,7.20%,8.52%,Collector,9150,50,4614,3,26117,Business Employment,Commercial,Division No. 11,5,2.7,,,0,
433265,6/8/2023,2023,Estimation,53.6163367,-113.3936447,5926013.082,28304.3124,NorthEast,2976.0,2587.827538,2815.239597,239.0,262.0382082,250.9855987,8.03%,10.13%,8.92%,Minor Arterial,24004,50,14179,4,33198,Direct Development Control Provision,Direct Control Provisions,Division No. 11,20,5.7,,,0,
258959,6/8/2023,2023,Estimation,53.4546112,-113.5656489,5932451.962,35556.2543,SouthWest,21083.0,19410.58915,20558.39727,2811.0,2539.863671,2611.607023,13.33%,13.08%,12.70%,Minor Arterial,32289,60,6206,3,15253,General Commercial,Commercial,Division No. 11,741,2124.4,55.3,660.0,0,
213448,6/8/2023,2023,Estimation,53.4540917,-113.5636164,5931426.402,38575.9543,SouthWest,24802.0,22834.57915,24184.85837,3496.0,3398.53338,3504.065524,14.10%,14.88%,14.49%,Minor Arterial,26883,60,1436,3,19745,General Commercial,Commercial,Division No. 11,2273,2156.3,57.7,1845.0,0,
213460,6/8/2023,2023,Estimation,53.454099,-113.570446,5928413.2,38614.7461,SouthWest,15984.0,14716.06778,15586.27434,2147.0,2007.878268,2063.665144,13.43%,13.64%,13.24%,Minor Arterial,26885,60,1436,2,19746,Small Scale Residential,Residential,Division No. 11,804,2680.9,48.4,630.0,0,
254735,6/8/2023,2023,Estimation,53.4531813,-113.5255572,5933566.65,34231.6971,SouthWest,5199.0,4786.588864,5069.634654,570.0,529.0302362,547.7974703,10.96%,11.05%,10.81%,Collector,10126,40,1137,4,14307,Future Urban Development,Others,Division No. 11,904,1360.8,64.8,895.0,0,
213412,6/8/2023,2023,Estimation,53.4539043,-113.5281742,5947770.448,41709.7128,SouthWest,26605.0,24494.55601,25942.9948,3771.0,3691.977591,3778.828761,14.17%,15.07%,14.57%,Minor Arterial,18613,60,9750,3,28450,Future Urban Development,Others,Division No. 11,904,1360.8,64.8,895.0,0,
541299,6/13/2023,2023,Estimation,53.466455,-113.4795928,5930171.625,28745.5331,SouthEast,3275.0,2866.235989,3392.322149,350.0,314.9584631,377.0823524,10.69%,10.99%,11.12%,Collector,20902,50,14658,3,19927,Business Employment,Commercial,Division No. 11,52,7.8,,,0,
541303,6/13/2023,2023,Estimation,53.4680022,-113.4795838,5938938.969,33640.8498,SouthEast,9553.0,8360.657222,9895.222438,1254.0,1312.795827,1463.487063,13.13%,15.70%,14.79%,Collector,20906,50,14658,3,19928,Public Utility,Others,Division No. 11,52,7.8,,,0,
540511,6/13/2023,2023,Estimation,53.463655,-113.4665706,5924452.745,35673.7897,SouthEast,39697.0,34742.28093,41119.08774,5383.0,6092.606051,6310.517938,13.56%,17.54%,15.35%,Minor Arterial,20798,70,13803,3,20615,Business Employment,Commercial,Division No. 11,52,7.8,,,0,
540515,6/13/2023,2023,Estimation,53.4672955,-113.4666426,5924446.384,35214.7632,SouthEast,37876.0,33148.5662,39232.85304,5273.0,5849.58073,6125.785062,13.92%,17.65%,15.61%,Minor Arterial,20725,70,17429,3,33082,Business Employment,Commercial,Division No. 11,52,7.8,,,0,
508456,6/13/2023,2023,Estimation,53.4437657,-113.3963966,5924719.298,35428.4218,SouthEast,5553.0,4859.910976,5751.928211,635.0,762.6895212,735.1793051,11.44%,15.69%,12.78%,Collector,11140,40,8263,4,25519,Small Scale Residential,Residential,Division No. 11,458,3285.5,57.1,350.0,0,
532443,6/13/2023,2023,Estimation,53.4455815,-113.3935727,5923914.529,35434.6662,SouthEast,13605.0,11906.91317,14092.37949,2025.0,2355.429955,2312.471047,14.88%,19.78%,16.41%,Minor Arterial,6195,60,8640,2,6114,Small Scale Flex Residential,Residential,Division No. 11,6162,5689.8,66.0,4445.0,0,
532439,6/13/2023,2023,Estimation,53.4409803,-113.3935727,5935861.185,32767.8654,SouthEast,8202.0,7178.280178,8495.824813,1310.0,1596.052555,1549.047033,15.97%,22.23%,18.23%,Minor Arterial,26818,60,8640,2,1843,Small Scale Residential,Residential,Division No. 11,6162,5689.8,66.0,4445.0,0,
417904,6/22/2023,2023,Estimation,53.6229939,-113.5248017,5935686.508,32758.7397,NorthWest,3697.0,3237.61649,3326.543429,377.0,340.4966929,335.4832416,10.20%,10.52%,10.09%,Collector,10160,30,6110,4,23284,Parks and Services,Others,Division No. 11,1076,3550.0,57.4,810.0,0,
444201,6/22/2023,2023,Estimation,53.6208443,-113.533696,5935759.37,32818.1431,NorthWest,5414.0,4741.264721,4871.492054,550.0,532.7309323,530.6073332,10.16%,11.24%,10.89%,Collector,6620,40,3065,4,30831,Neighbourhood Parks and Services,Residential,Division No. 11,860,2436.3,56.3,720.0,0,
111687,6/27/2023,2023,Estimation,53.5435303,-113.4860589,5935724.273,32940.128,Downtown,8714.0,7869.843474,8537.171215,1098.0,1069.987033,1093.110182,12.60%,13.60%,12.80%,Minor Arterial,5238,40,12788,5,22899,Core Commercial Arts Zone,Commercial,Division No. 11,0,0.0,,,0,
111689,6/27/2023,2023,Estimation,53.5444388,-113.4864547,5935408.819,33185.8277,Downtown,8706.0,7862.618463,8529.333555,1182.0,1145.832774,1174.900527,13.58%,14.57%,13.77%,Minor Arterial,7419,40,12788,4,22900,Site Specific Development Control Provision,Direct Control Provisions,Division No. 11,0,0.0,,,0,
111821,6/27/2023,2023,Estimation,53.5429371,-113.4906275,5936961.602,37754.1831,Downtown,12186.0,11005.49834,11938.71568,2125.0,2397.709421,2541.600256,17.44%,21.79%,21.29%,Minor Arterial,6809,40,11231,7,18823,Direct Development Control Provision,Direct Control Provisions,Division No. 11,613,2119.6,69.4,555.0,0,
111823,6/27/2023,2023,Estimation,53.5439204,-113.4908164,5937346.514,31342.9328,Downtown,12008.0,10844.74185,11764.32774,2026.0,2247.920161,2379.508341,16.87%,20.73%,20.23%,Minor Arterial,7622,40,11231,5,18824,Core Commercial Arts Zone,Commercial,Division No. 11,613,2119.6,69.4,555.0,0,
111873,6/27/2023,2023,Estimation,53.543883,-113.4936852,5937433.651,31395.9744,Downtown,12933.0,11680.13377,12670.55719,2273.0,2534.128777,2575.657495,17.58%,21.70%,20.33%,Minor Arterial,9089,40,4470,3,17505,Core Commercial Arts Zone,Commercial,Division No. 11,613,2119.6,69.4,555.0,0,
111947,6/27/2023,2023,Estimation,53.5419806,-113.4955648,5937372.489,31404.7221,Downtown,800.0,722.5011223,783.7660055,118.0,137.8639009,144.2908169,14.75%,19.08%,18.41%,Collector,9237,40,2472,5,19415,Core Commercial Arts Zone,Commercial,Division No. 11,841,6342.4,53.5,785.0,0,
525230,6/27/2023,2023,Estimation,53.5317561,-113.4691697,5937445.492,31300.5727,Downtown,1924.0,1737.615199,1884.957243,260.0,324.021358,329.0474291,13.51%,18.65%,17.46%,Collector,9700,40,2372,3,12998,Neighbourhood Commercial,Commercial,Division No. 11,594,4565.7,22.0,545.0,0,
540731,6/27/2023,2023,Estimation,53.5312536,-113.4683513,5925797.677,40075.915,Downtown,1677.0,1514.542978,1642.969489,152.0,165.1986887,166.4057512,9.06%,10.91%,10.13%,Local,14530,40,2773,2,13167,Large Scale Residential,Residential,Division No. 11,594,4565.7,22.0,545.0,0,
110401,6/29/2023,2023,Estimation,53.5743906,-113.418385,5921557.978,34990.7927,NorthEast,13714.0,11925.22408,12973.18408,1783.0,1725.9291,1733.79035,13.00%,14.47%,13.36%,Minor Arterial,9193,50,5790,3,15813,Small Scale Residential,Residential,Division No. 11,480,2905.6,53.4,365.0,0,
110403,6/29/2023,2023,Estimation,53.5758591,-113.418331,5943658.832,33009.7979,NorthEast,16166.0,14057.39918,15292.72961,2015.0,2012.261828,2017.396692,12.46%,14.31%,13.19%,Minor Arterial,5744,50,5790,3,15814,Small Scale Residential,Residential,Division No. 11,512,1991.4,58.6,435.0,0,
105332,6/29/2023,2023,Estimation,53.575074,-113.417345,5939736.7,37410.8895,NorthEast,3129.0,2720.87109,2959.974697,319.0,358.2264694,355.8070809,10.19%,13.17%,12.02%,Collector,8688,40,12829,2,1144,Small Scale Residential,Residential,Division No. 11,512,1991.4,58.6,435.0,0,
105336,6/29/2023,2023,Estimation,53.5750635,-113.4193922,5930349.047,24285.6988,NorthEast,1177.0,1023.478835,1113.419693,100.0,100.2354571,98.52520624,8.50%,9.79%,8.85%,Local,14746,40,12829,2,8554,Small Scale Residential,Residential,Division No. 11,480,2905.6,53.4,365.0,0,
409888,7/5/2023,2023,Estimation,53.60708,-113.4139423,5935304.537,36358.2264,NorthEast,3879.0,3493.511275,3804.686332,360.0,396.5628022,398.4121463,9.28%,11.35%,10.47%,Collector,21813,40,13591,2,31340,Neighbourhood Commercial,Commercial,Division No. 11,1304,5587.0,64.8,1065.0,0,
409880,7/5/2023,2023,Estimation,53.6069093,-113.4116581,5935169.766,37692.3633,NorthEast,5454.0,4919.195304,5357.359306,681.0,692.6547463,686.3933288,12.49%,14.08%,12.81%,Collector,20501,40,16860,2,18109,Neighbourhood Commercial,Commercial,Division No. 11,726,2240.7,64.0,680.0,0,
204748,7/5/2023,2023,Estimation,53.4249068,-113.5665482,5926801.546,38057.0062,SouthWest,19704.0,18529.64865,19625.36403,3282.0,3328.373067,3318.917746,16.66%,17.96%,16.91%,Minor Arterial,3794,60,4322,2,25961,Agriculture Zone,Agriculture,Division No. 11,597,312.3,66.7,480.0,0,
204740,7/5/2023,2023,Estimation,53.4248961,-113.5616559,5940220.657,34486.029,SouthWest,19542.0,18377.30379,19464.01055,3472.0,3440.951648,3447.820222,17.77%,18.72%,17.71%,Minor Arterial,32539,60,4322,2,25967,Urban Facilities,Others,Division No. 11,2897,1128.3,80.5,2125.0,0,
1091636,7/6/2023,2023,Midblock,53.58322,-113.615305,5940292.154,34614.1478,NorthWest,20796.0,17837.80587,18327.75319,2811.0,2355.495525,2505.473933,13.52%,13.21%,13.67%,Minor Arterial,21537,70,2767,5,29986,Site Specific Development Control Provision,Direct Control Provisions,Division No. 11,134,7.3,52.0,125.0,0,
1091640,7/6/2023,2023,Midblock,53.573894,-113.615339,5940390.017,34482.7374,NorthWest,30488.0,26151.13606,26869.42389,4727.0,4031.574784,4306.52458,15.50%,15.42%,16.03%,Minor Arterial,36829,50,2193,3,26258,Future Urban Development,Others,Division No. 11,141,14.9,,,0,
1091664,7/6/2023,2023,Midblock,53.581365,-113.59109,5932223.378,32302.0781,NorthWest,32554.0,27923.25123,28690.21336,4328.0,3390.883806,3901.758521,13.29%,12.14%,13.60%,Minor Arterial,29545,60,2804,3,25788,Medium Industrial,Industrial,Division No. 11,134,7.3,52.0,125.0,0,
1091028,7/11/2023,2023,Midblock,53.482213,-113.548008,5941446.826,31566.2959,SouthWest,1588.0,1507.59983,1596.748867,177.0,173.5330519,158.4048173,11.15%,11.51%,9.92%,Local,23863,60,2620,2,20853,River Valley,Others,Division No. 11,847,661.6,56.3,800.0,0,
408144,7/11/2023,2023,Estimation,53.6028111,-113.3871606,5940410.336,30377.6782,NorthEast,3352.0,3088.283305,3368.897221,331.0,342.4177308,346.2197502,9.87%,11.09%,10.28%,Collector,4457,40,12464,2,8644,Medium Scale Residential,Residential,Division No. 11,538,3705.2,37.5,440.0,0,
434341,7/11/2023,2023,Estimation,53.595724,-113.41371,5940586.723,30374.7537,NorthEast,34364.0,31660.43183,34537.22676,3709.0,3837.782577,3859.085204,10.79%,12.12%,11.17%,Major Arterial,20184,60,17394,2,30237,Business Employment,Commercial,Division No. 11,10,7.4,,,0,
434345,7/11/2023,2023,Estimation,53.5988513,-113.4136276,5936007.585,33723.4895,NorthEast,20860.0,19218.85135,20965.15394,2702.0,3742.116169,2992.410359,12.95%,19.47%,14.27%,Major Arterial,21961,60,17394,3,29807,General Commercial,Commercial,Division No. 11,389,1201.7,58.2,335.0,0,
407396,7/11/2023,2023,Estimation,53.5978426,-113.4178994,5938645.053,38518.2081,NorthEast,22780.0,20987.79644,22894.83255,2660.0,2908.578165,2881.272751,11.68%,13.86%,12.58%,Minor Arterial,22957,60,8884,3,25432,General Commercial,Commercial,Division No. 11,10,7.4,,,0,
311160,7/11/2023,2023,Estimation,53.550963,-113.5559003,5937952.326,29717.3921,NorthWest,36069.0,31769.99193,32642.61171,6471.0,6292.612204,6599.743771,17.94%,19.81%,20.22%,Minor Arterial,34911,60,12989,3,29109,Small Scale Residential,Residential,Division No. 11,531,1990.3,61.2,425.0,0,
331929,7/11/2023,2023,Estimation,53.550443,-113.556371,5937943.897,29700.7661,NorthWest,3224.0,2839.736449,2917.734901,512.0,488.4923305,518.6284249,15.88%,17.20%,17.78%,Collector,9274,40,6686,2,27370,Small Scale Residential,Residential,Division No. 11,637,2195.0,58.6,495.0,0,
228466,7/11/2023,2023,Estimation,53.4928935,-113.6227019,5931805.875,34176.8695,NorthWest,1428.0,1257.798898,1292.3466,142.0,133.6721157,138.2113606,9.94%,10.63%,10.69%,Collector,4883,30,12710,4,2520,Parks and Services,Others,Division No. 11,478,2860.6,55.8,385.0,0,
261923,7/13/2023,2023,Estimation,53.4732856,-113.5925746,5941579.206,37517.791,SouthWest,9342.0,8709.293577,9224.301018,1137.0,1266.120279,0.0,12.17%,14.54%,0.00%,Minor Arterial,18913,50,15962,2,10129,Small Scale Residential,Residential,Division No. 11,651,2172.2,53.6,560.0,0,
220120,7/13/2023,2023,Estimation,53.4726701,-113.5952186,5946143.241,33405.1691,SouthWest,3762.0,3507.210709,3714.602915,503.0,551.3821455,0.0,13.37%,15.72%,0.00%,Collector,35336,50,6123,2,17475,Small Scale Residential,Residential,Division No. 11,599,2605.5,61.3,530.0,0,
262075,7/13/2023,2023,Estimation,53.471376,-113.594995,5927584.154,22652.2517,SouthWest,7228.0,6738.468633,7136.935106,1003.0,1024.950427,0.0,13.88%,15.21%,0.00%,Minor Arterial,19005,50,15962,2,10126,Small Scale Residential,Residential,Division No. 11,599,2605.5,61.3,530.0,0,
218590,7/13/2023,2023,Estimation,53.4715781,-113.5930782,5939821.993,23343.4186,SouthWest,8082.0,7534.629703,7980.17564,877.0,905.7171854,0.0,10.85%,12.02%,0.00%,Minor Arterial,21351,50,1205,2,15250,Site Specific Development Control Provision,Direct Control Provisions,Division No. 11,15,1500.0,,,0,
258983,7/19/2023,2023,Estimation,53.4641904,-113.5704063,5929835.576,22603.2552,SouthWest,17738.0,16680.82155,17667.21006,2556.0,2436.601613,2514.552556,14.41%,14.61%,14.23%,Minor Arterial,10075,60,6206,2,31760,Small Scale Residential,Residential,Division No. 11,778,3117.0,59.6,780.0,0,
217930,7/19/2023,2023,Estimation,53.4663533,-113.5737608,5922669.012,40197.089,SouthWest,17539.0,16493.68187,17469.00424,2497.0,2424.982937,2503.764823,14.24%,14.70%,14.33%,Minor Arterial,5129,60,6206,2,31673,Site Specific Development Control Provision,Direct Control Provisions,Division No. 11,447,2391.7,53.4,365.0,0,
1097536,7/25/2023,2023,Midblock,53.523771,-113.463828,5922082.619,27642.7667,Downtown,1057.0,1020.658994,1108.089616,151.0,167.5500068,170.843987,14.29%,16.42%,15.42%,Local,19483,40,11122,2,30969,Small Scale Residential,Residential,Division No. 11,917,3750.5,62.8,725.0,0,
1094455,7/27/2023,2023,Midblock,53.514343,-113.418421,5928953.317,24975.1636,SouthEast,22400.0,19342.78993,22837.61373,3779.0,3790.588852,4095.882291,16.87%,19.60%,17.93%,Minor Arterial,19981,60,1558,3,14073,Business Commercial,Commercial,Division No. 11,48,3.4,0.0,40.0,0,
1094463,7/27/2023,2023,Midblock,53.487265,-113.418207,5934489.224,30425.4036,SouthEast,35193.0,30389.76812,35880.54198,5935.33,5726.205257,6086.036906,16.87%,18.84%,16.96%,Major Arterial,20300,80,10544,3,16383,Parks and Services,Others,Division No. 11,555,342.0,56.8,405.0,0,
1095327,8/1/2023,2023,Midblock,53.533875,-113.483679,5926194.623,37952.3143,Downtown,15274.0,13953.82496,15119.99817,2709.0,3108.253719,0.0,17.74%,22.28%,0.00%,Minor Arterial,21114,50,1100,2,8522,River Valley,Others,Division No. 11,678,1108.6,68.5,620.0,0,
1095337,8/1/2023,2023,Midblock,53.66096,-113.368995,5934559.726,30596.0039,NorthEast,904.0,823.5201303,895.1102636,100.0,111.7190564,0.0,11.06%,13.57%,0.00%,Minor Arterial,7048,80,14950,2,24524,Agriculture Zone,Agriculture,Division No. 11,122,3.2,66.7,90.0,0,
1095325,8/1/2023,2023,Midblock,53.503697,-113.566736,5934639.156,30646.165,SouthWest,102162.0,97825.09396,103609.7941,16154.0,15883.24518,16516.26058,15.81%,16.24%,15.94%,Major Arterial,23506,80,13613,1,10006,River Valley,Others,Division No. 11,941,564.0,66.7,765.0,0,
441229,8/9/2023,2023,Estimation,53.5821863,-113.4920125,5935727.752,28406.3052,NorthWest,48540.0,42942.11156,44121.59362,8012.0,7725.775414,7847.413874,16.51%,17.99%,17.79%,Major Arterial,6149,60,639,6,26047,Site Specific Development Control Provision,Direct Control Provisions,Division No. 11,543,989.1,53.0,500.0,0,
510288,8/9/2023,2023,Estimation,53.4518853,-113.4629644,5942485.627,33743.4995,SouthEast,27950.0,23809.15868,28401.57053,4157.0,5050.700846,5007.890621,14.87%,21.21%,17.63%,Minor Arterial,18528,60,1436,2,31350,Small Scale Residential,Residential,Division No. 11,749,1205.9,55.4,605.0,0,
510296,8/9/2023,2023,Estimation,53.451859,-113.469875,5940085.252,36624.2128,SouthEast,28797.0,24530.67415,29262.25498,4216.0,4791.511348,4723.980351,14.64%,19.53%,16.14%,Minor Arterial,18525,60,1436,2,31345,Business Employment,Commercial,Division No. 11,5,1.8,,,0,
540499,8/9/2023,2023,Estimation,53.454297,-113.466628,5937643.199,35547.5785,SouthEast,32460.0,27650.9943,32984.43576,5211.0,5828.848,5999.637629,16.05%,21.08%,18.19%,Minor Arterial,29140,70,17429,3,17798,Site Specific Development Control Provision,Direct Control Provisions,Division No. 11,52,7.8,,,0,
540495,8/9/2023,2023,Estimation,53.4470652,-113.4666246,5936900.055,34889.9989,SouthEast,35655.0,30372.64947,36231.05536,5275.0,5859.996649,6055.049862,14.79%,19.29%,16.71%,Minor Arterial,29495,70,17429,3,9746,Business Employment,Commercial,Division No. 11,5,1.8,,,0,
1099111,8/15/2023,2023,Midblock,53.554586,-113.505517,5936599.083,34945.8552,Downtown,419.0,382.7846444,414.7753852,28.0,22.84382754,23.07802342,6.68%,5.97%,5.56%,Local,11803,40,3629,2,15061,Parks and Services,Others,Division No. 11,506,2947.0,54.2,415.0,0,
1099113,8/15/2023,2023,Midblock,53.553017,-113.505673,5937730.786,36892.7174,Downtown,510.0,465.919257,504.8578675,45.0,33.8309477,35.20492079,8.82%,7.26%,6.97%,Local,40312,40,6427,2,25852,Small Scale Residential,Residential,Division No. 11,809,9495.3,56.8,775.0,0,
1099116,8/15/2023,2023,Midblock,53.553668,-113.504769,5942671.173,33620.7668,Downtown,370.0,338.0198531,366.2694332,33.0,25.53554326,26.61336312,8.92%,7.55%,7.27%,Local,1806,40,11663,2,20797,Medium Scale Residential,Residential,Division No. 11,506,2947.0,54.2,415.0,0,
1099120,8/15/2023,2023,Midblock,53.553345,-113.502932,5942487.187,33379.8535,Downtown,1033.0,943.7148871,1022.584661,137.0,151.1823157,160.9321946,13.26%,16.02%,15.74%,Local,14205,40,3667,2,19191,Medium Scale Residential,Residential,Division No. 11,833,1975.3,56.0,705.0,0,
1101137,8/16/2023,2023,Midblock,53.550495,-113.499258,5937642.486,35452.8596,Downtown,548.0,493.4828836,535.026177,52.0,67.51315022,68.69233263,9.49%,13.68%,12.84%,Local,11414,40,7643,2,19570,Medium Scale Residential,Residential,Division No. 11,620,2170.1,50.6,435.0,0,
1101131,8/16/2023,2023,Midblock,53.495734,-113.528799,5938008.368,36360.9535,SouthWest,560.0,521.1220797,551.9376385,106.0,76.7734682,85.54859286,18.93%,14.73%,15.50%,Local,10968,40,7669,2,19917,Small Scale Residential,Residential,Division No. 11,271,301.3,52.4,210.0,0,
1099109,8/17/2023,2023,Midblock,53.564139,-113.430142,5934101.922,31789.5763,NorthEast,323.0,290.9007842,316.2608482,34.0,32.15918307,30.61990957,10.53%,11.06%,9.68%,Local,18329,40,7301,2,21005,Small Scale Residential,Residential,Division No. 11,436,2174.6,64.8,355.0,0,
1101147,8/17/2023,2023,Midblock,53.559437,-113.445116,5934101.897,31696.5725,SouthEast,413.0,351.8133286,419.1821093,28.0,44.5250164,45.90157969,6.78%,12.66%,10.95%,Local,15483,40,7301,2,20903,Urban Institution,Others,Division No. 11,487,1556.4,63.4,410.0,0,
112957,8/22/2023,2023,Estimation,53.5680195,-113.5268702,5934175.862,31728.268,NorthWest,10374.0,9367.819146,9625.12309,1339.0,1138.640744,0.0,12.91%,12.15%,0.00%,Minor Arterial,10073,50,8522,2,30934,General Commercial,Commercial,Division No. 11,545,798.9,64.9,485.0,0,
112955,8/22/2023,2023,Estimation,53.5687993,-113.5260608,5934067.648,31733.7616,NorthWest,2707.0,2444.446349,2511.58745,303.0,265.376134,0.0,11.19%,10.86%,0.00%,Collector,50838,50,15535,3,29468,Business Employment,Commercial,Division No. 11,31,24.7,,,0,
102992,8/22/2023,2023,Estimation,53.5682492,-113.5259349,5935303.106,28779.0151,NorthWest,27294.0,24646.73759,25323.70442,4208.0,4040.931832,0.0,15.42%,16.40%,0.00%,Minor Arterial,22297,60,2678,3,15603,General Commercial,Commercial,Division No. 11,545,798.9,64.9,485.0,0,
102996,8/22/2023,2023,Estimation,53.5689114,-113.5274997,5935431.272,28954.5908,NorthWest,33199.0,29979.00789,30802.43508,5156.0,4818.169142,0.0,15.53%,16.07%,0.00%,Minor Arterial,22298,60,2678,3,15232,General Commercial,Commercial,Division No. 11,545,798.9,64.9,485.0,0,
512952,8/22/2023,2023,Estimation,53.463654,-113.396527,5935551.352,28772.5311,SouthEast,19990.0,25859.55742,30800.49944,2396.0,2820.767049,0.0,11.99%,10.91%,0.00%,Minor Arterial,5471,50,16515,2,31762,Small Scale Residential,Residential,Division No. 11,541,1113.6,48.0,500.0,0,
540479,8/22/2023,2023,Estimation,53.4259196,-113.4735674,5937718.532,38115.8979,SouthEast,29085.0,24776.00644,29509.91621,4917.0,5147.890513,0.0,16.91%,20.78%,0.00%,Minor Arterial,28670,60,11343,2,10959,Small Scale Flex Residential,Residential,Division No. 11,1755,6292.6,67.1,1400.0,0,
444929,9/6/2023,2023,Estimation,53.6246366,-113.5010416,5934881.232,34528.7847,NorthWest,725.0,676.8046163,695.3942681,30.0,24.56819517,25.71073772,4.14%,3.63%,3.70%,Local,44732,40,1966,2,27641,Small-Medium Scale Transition Residential,Residential,Division No. 11,795,5328.4,40.4,570.0,0,
1105278,9/6/2023,2023,Midblock,53.589099,-113.434991,5931141.7,31573.2586,NorthEast,15643.0,13764.55223,14882.19917,2166.0,2521.910714,2529.931818,13.85%,18.32%,17.00%,Minor Arterial,29230,50,9179,3,26521,Small Scale Residential,Residential,Division No. 11,507,1442.8,40.7,430.0,0,
1108360,9/13/2023,2023,Midblock,53.505516,-113.633941,5931142.189,31377.5787,NorthWest,1167.0,1089.422051,1119.344981,88.0,81.93361003,82.30240743,7.54%,7.52%,7.35%,Local,50328,40,13321,2,8575,Parks and Services,Others,Division No. 11,930,3954.1,65.4,780.0,0,
1113318,9/19/2023,2023,Midblock,53.532881,-113.450004,5938273.348,36887.8776,Downtown,2206.0,2009.571095,2184.244263,227.0,221.8248358,222.5979894,10.29%,11.04%,10.19%,Collector,11152,40,2987,2,12878,Medium Scale Residential,Residential,Division No. 11,867,2962.1,46.5,645.0,0,
1114507,9/19/2023,2023,Midblock,53.549348,-113.451404,5938178.744,36948.1855,Downtown,12348.0,11248.49677,12226.2231,1669.0,1399.111495,1480.051307,13.52%,12.44%,12.11%,Minor Arterial,7312,50,8514,4,31222,Small Scale Residential,Residential,Division No. 11,460,654.6,63.0,365.0,0,
1114474,9/19/2023,2023,Midblock,53.548043,-113.431291,5938179.138,36846.3214,SouthEast,2357.0,2062.814726,2453.585219,355.0,295.5045444,317.8775281,15.06%,14.33%,12.96%,Collector,22860,30,5090,2,13106,Small Scale Residential,Residential,Division No. 11,528,1722.1,55.8,475.0,0,
1119767,9/27/2023,2023,Midblock,53.472824,-113.426805,5938058.236,36889.5601,SouthEast,3525.0,3126.166398,3693.934247,405.0,405.9746684,425.5826428,11.49%,12.99%,11.52%,Collector,9513,30,6031,4,13484,Small Scale Residential,Residential,Division No. 11,951,2851.6,54.0,750.0,0,
1118045,9/28/2023,2023,Midblock,53.593648,-113.479109,5938001.998,36842.3464,NorthEast,734.0,646.9206525,703.8289435,71.0,49.14492674,62.45461135,9.67%,7.60%,8.87%,Local,24323,40,1233,2,30134,Parks and Services,Others,Division No. 11,559,1700.1,48.3,445.0,0,
1118229,9/28/2023,2023,Midblock,53.594282,-113.477166,5937926.898,36890.5874,NorthEast,718.0,670.8958212,729.8198913,16.0,18.22514423,23.34703594,2.23%,2.72%,3.20%,Local,50179,30,16213,2,27596,Parks and Services,Others,Division No. 11,559,1700.1,48.3,445.0,0,
1118021,9/28/2023,2023,Midblock,53.59517,-113.47914,5935403.265,28001.6609,NorthEast,719.0,667.8937491,726.5632453,13.0,17.61820665,22.52923464,1.81%,2.64%,3.10%,Local,24265,40,10719,2,30306,Parks and Services,Others,Division No. 11,559,1700.1,48.3,445.0,0,
1124386,10/4/2023,2023,Midblock,53.521927,-113.512921,5931706.457,31463.1167,Downtown,797.0,713.5507742,776.8009382,136.0,119.8828966,117.7737627,17.06%,16.80%,15.16%,Local,12860,30,1435,4,18609,Direct Development Control Provision,Direct Control Provisions,Division No. 11,582,5590.8,46.7,460.0,0,
443765,10/4/2023,2023,Estimation,53.6048496,-113.523084,5931596.608,31607.2053,NorthWest,858.0,814.7714388,837.1505967,65.0,44.89111189,46.80852551,7.58%,5.51%,5.59%,Collector,8754,40,2501,2,30445,Small Scale Residential,Residential,Division No. 11,373,3412.6,54.0,315.0,0,
444749,10/5/2023,2023,Estimation,53.5956064,-113.5411424,5931436.675,31451.978,NorthWest,27790.0,25949.80954,26662.56757,3857.0,3366.167673,3377.613008,13.88%,12.97%,12.67%,Minor Arterial,6603,50,16806,3,23563,Site Specific Development Control Provision,Direct Control Provisions,Division No. 11,955,2731.7,34.4,755.0,0,
444753,10/5/2023,2023,Estimation,53.5971915,-113.5411694,5938719.593,33625.1423,NorthWest,27790.0,25949.80954,26662.56757,4004.0,3490.958254,3501.136736,14.41%,13.45%,13.13%,Minor Arterial,6604,50,16806,3,23561,Small Scale Residential,Residential,Division No. 11,955,2731.7,34.4,755.0,0,
1121502,10/5/2023,2023,Midblock,53.555841,-113.491081,5936242.399,29743.6571,Downtown,15904.0,14197.27234,15401.38142,2570.0,2142.808805,2230.285705,16.16%,15.09%,14.48%,Minor Arterial,7504,50,14904,3,26042,Mixed Use,Others,Division No. 11,445,3255.3,46.4,420.0,0,
1121507,10/5/2023,2023,Midblock,53.57921,-113.418403,5938440.148,36787.6914,NorthEast,21781.0,18940.01062,20514.57711,2918.0,2456.182778,2446.905137,13.40%,12.97%,11.93%,Minor Arterial,9194,50,5790,4,22345,Small Scale Residential,Residential,Division No. 11,497,2257.0,47.0,415.0,0,
517564,10/11/2023,2023,Estimation,53.4838132,-113.4094278,5937766.714,37303.5004,SouthEast,4924.0,4366.877544,5198.280997,625.0,690.1841111,689.4976509,12.69%,15.80%,13.26%,Collector,10920,30,10028,2,2310,Parks and Services,Others,Division No. 11,885,3670.7,57.5,765.0,0,
316650,10/12/2023,2023,Estimation,53.5735576,-113.5513497,5937759.872,38523.6497,NorthWest,1336.666667,1248.155647,1282.438478,179.0,147.3906788,155.1759452,13.39%,11.81%,12.10%,Local,7321,40,16920,2,24831,Small Scale Residential,Residential,Division No. 11,782,3592.1,59.2,600.0,0,
315656,10/12/2023,2023,Estimation,53.5734828,-113.5516015,5944201.576,28631.3987,NorthWest,1135.333333,1060.154148,1089.273182,170.0,131.9919681,137.7020909,14.97%,12.45%,12.64%,Local,7325,40,16920,2,24316,Small Scale Residential,Residential,Division No. 11,536,3594.9,53.0,500.0,0,
315945,10/12/2023,2023,Estimation,53.5769911,-113.5544344,5942911.406,30357.4121,NorthWest,3107.0,2901.261542,2980.94989,477.0,331.076243,356.1787802,15.35%,11.41%,11.95%,Collector,7336,40,4792,2,9433,Small Scale Residential,Residential,Division No. 11,562,1198.8,48.4,455.0,0,
315918,10/12/2023,2023,Estimation,53.5770552,-113.5542005,5940865.822,33327.7794,NorthWest,2237.666667,2089.49348,2146.885164,346.0,229.0046382,243.2205527,15.46%,10.96%,11.33%,Collector,7334,40,5092,2,12055,Small Scale Residential,Residential,Division No. 11,648,971.1,54.7,530.0,0,
1120986,10/12/2023,2023,Midblock,53.518057,-113.484698,5940842.114,28803.1601,SouthEast,19394.0,17652.3029,20984.87413,3740.0,4040.900201,3911.854074,19.28%,22.89%,18.64%,Minor Arterial,19883,50,11889,2,29025,Medium Scale Residential,Residential,Division No. 11,537,4731.3,67.1,410.0,0,
1125265,10/17/2023,2023,Midblock,53.605647,-113.433155,5940838.109,29075.2619,NorthEast,3738.0,3327.827952,3601.325603,448.0,370.8870738,383.914038,11.99%,11.15%,10.66%,Collector,9559,30,2590,2,22044,Parks and Services,Others,Division No. 11,530,3076.0,56.6,415.0,0,
1123634,10/17/2023,2023,Midblock,53.646935,-113.494799,5940822.868,27897.9412,NorthWest,61300.0,60641.07469,62306.6905,11950.0,9881.970042,10332.77535,19.49%,16.30%,16.58%,Major Arterial,28243,100,14225,3,28854,Agriculture Zone,Agriculture,Division No. 11,1304,1534.8,65.5,1015.0,0,
1123639,10/17/2023,2023,Midblock,53.480744,-113.658761,5940803.686,25821.3294,NorthWest,73833.0,73039.35509,75045.5119,17060.0,14682.57689,14922.56457,23.11%,20.10%,19.88%,Major Arterial,28066,100,4465,3,7922,Agriculture Zone,Agriculture,Division No. 11,806,2196.2,66.9,695.0,0,
1123645,10/17/2023,2023,Midblock,53.59068,-113.647437,5940813.011,25137.8451,NorthWest,60626.0,59974.31964,61621.62183,12875.0,11342.62057,11458.50858,21.24%,18.91%,18.59%,Major Arterial,28975,100,4465,3,12697,Agriculture Zone,Agriculture,Division No. 11,134,7.3,52.0,125.0,0,
1123704,10/17/2023,2023,Midblock,53.500977,-113.659337,5941033.434,25482.54,NorthWest,100055.0,98979.48986,101698.139,22034.0,18828.38057,19181.28423,22.02%,19.02%,18.86%,Major Arterial,27061,100,4465,2,7828,Agriculture Zone,Agriculture,Division No. 11,2414,2133.6,60.6,1880.0,0,
1123614,10/17/2023,2023,Midblock,53.435532,-113.395102,5940826.35,28313.914,SouthEast,79927.0,72749.07776,86369.21647,17246.0,18054.21798,18424.76931,21.58%,24.82%,21.33%,Major Arterial,30034,100,4252,2,3017,Agriculture Zone,Agriculture,Division No. 11,1521,208.9,79.0,1025.0,0,
1123629,10/17/2023,2023,Midblock,53.43107,-113.584068,5940445.912,28360.8878,SouthWest,69287.0,60591.51512,64174.47864,16003.0,14419.7928,14706.40768,23.10%,23.80%,22.92%,Major Arterial,29528,100,16604,2,28598,Agriculture Zone,Agriculture,Division No. 11,0,0.0,,,0,
1125237,10/24/2023,2023,Midblock,53.492942,-113.62366,5939881.302,28740.437,NorthWest,1535.0,1518.499994,1560.208318,157.0,126.2329718,130.5354119,10.23%,8.31%,8.37%,Collector,49893,30,12710,4,3739,Parks and Services,Others,Division No. 11,511,2484.2,55.4,460.0,0,
1127352,10/25/2023,2023,Midblock,53.542399,-113.540998,5939042.244,29221.439,Downtown,45395.0,40641.95407,44244.51517,9620.0,7511.073952,8066.585805,21.19%,18.48%,18.23%,Minor Arterial,19900,50,11203,2,1969,River Valley,Others,Division No. 11,480,625.6,64.4,365.0,0,
1127371,10/25/2023,2023,Midblock,53.512315,-113.50343,5937400.72,23837.6128,SouthWest,7399.0,6391.002708,6768.922446,1482.0,1240.876844,1223.459234,20.03%,19.42%,18.07%,Collector,4993,30,13308,4,22950,Parks and Services,Others,Division No. 11,803,5117.9,62.0,710.0,0,
1130705,11/2/2023,2023,Midblock,53.467378,-113.428455,5937563.164,30394.2654,SouthEast,3089.0,2919.727392,3482.824097,356.0,361.5935183,367.4774457,11.52%,12.38%,10.55%,Collector,50437,40,2575,2,121,Parks and Services,Others,Division No. 11,623,3624.2,46.7,535.0,0,
308916,11/7/2023,2023,Estimation,53.5430173,-113.5368077,5936249.062,25488.7941,Downtown,20372.0,19461.98767,21180.01022,3782.0,3623.655778,3664.180965,18.56%,18.62%,17.30%,Minor Arterial,6283,50,14481,4,24711,Mixed Use,Others,Division No. 11,1384,1581.2,63.8,1300.0,0,
308924,11/7/2023,2023,Estimation,53.5430226,-113.5384175,5936376.303,24615.6521,Downtown,20834.0,19903.35024,21660.33443,4129.0,3939.853712,3985.575849,19.82%,19.79%,18.40%,Minor Arterial,6284,50,14481,3,24987,Mixed Use,Others,Division No. 11,1384,1581.2,63.8,1300.0,0,
330089,11/7/2023,2023,Estimation,53.5437334,-113.537653,5936435.623,23880.0585,Downtown,576.0,550.2702189,598.8457631,87.0,84.06677281,91.81048476,15.10%,15.28%,15.33%,Local,13454,40,14406,2,17091,Small Scale Residential,Residential,Division No. 11,479,1839.5,51.3,400.0,0,
330085,11/7/2023,2023,Estimation,53.5427822,-113.537635,5935061.386,27964.0536,Downtown,1234.0,1178.877518,1282.943874,279.0,245.4266916,246.3020208,22.61%,20.82%,19.20%,Local,14110,40,14406,2,17092,Site Specific Development Control Provision,Direct Control Provisions,Division No. 11,1384,1581.2,63.8,1300.0,0,
1131470,11/8/2023,2023,Midblock,53.553641,-113.571345,5934089.394,25133.1948,NorthWest,1359.0,1299.47743,1335.169906,82.0,46.76939004,55.35908949,6.03%,3.60%,4.15%,Collector,7884,40,12085,2,2411,Parks and Services,Others,Division No. 11,364,3379.8,63.5,315.0,0,
1131503,11/8/2023,2023,Midblock,53.575579,-113.559004,5933057.661,23980.0333,NorthWest,1550.0,1482.111859,1522.820718,258.0,172.5611911,189.9686588,16.65%,11.64%,12.47%,Collector,8756,40,701,2,9431,Parks and Services,Others,Division No. 11,495,1620.3,58.0,440.0,0,
1135943,11/15/2023,2023,Midblock,53.596406,-113.500382,5932625.752,27986.2372,NorthWest,5192.0,3999.27969,4109.127074,657.0,357.3562866,369.6153807,12.65%,8.94%,8.99%,Collector,10116,40,17324,2,17944,Small Scale Residential,Residential,Division No. 11,449,1921.3,51.5,340.0,0,
414388,11/15/2023,2023,Estimation,53.6140481,-113.4900789,5931916.225,27212.6603,NorthEast,24376.0,22458.23205,24262.38304,3232.0,3075.043558,3070.323796,13.26%,13.69%,12.65%,Minor Arterial,21857,60,5548,2,22776,Site Specific Development Control Provision,Direct Control Provisions,Division No. 11,405,2246.3,44.8,290.0,0,
404264,11/15/2023,2023,Estimation,53.5922864,-113.4468305,5931923.393,27123.7454,NorthEast,4637.0,4272.18666,4615.386862,496.0,426.1637717,456.3609108,10.70%,9.98%,9.89%,Collector,5179,40,16766,4,33255,Small Scale Residential,Residential,Division No. 11,705,3029.7,60.7,610.0,0,
104342,11/15/2023,2023,Estimation,53.5704175,-113.4633691,5931397.171,24462.7239,NorthEast,17347.0,15982.23463,17266.14533,2399.0,2201.921312,2229.703466,13.83%,13.78%,12.91%,Minor Arterial,7828,50,2400,3,19960,Mixed Use,Others,Division No. 11,537,3680.6,45.3,475.0,0,
111127,11/15/2023,2023,Estimation,53.5637841,-113.4733785,5929208.712,23226.1286,NorthEast,9519.0,8770.098084,9474.631775,1340.0,1499.966807,1561.365284,14.08%,17.10%,16.48%,Minor Arterial,6715,50,943,3,28407,Small Scale Residential,Residential,Division No. 11,512,3972.1,61.5,455.0,0,
102806,11/15/2023,2023,Estimation,53.561076,-113.4725691,5932813.205,20744.0742,NorthEast,17703.0,16310.22653,17620.48601,2446.0,2687.62169,2713.734643,13.82%,16.48%,15.40%,Minor Arterial,23636,50,9245,2,28656,Site Specific Development Control Provision,Direct Control Provisions,Division No. 11,536,934.8,31.5,540.0,0,
111165,11/15/2023,2023,Estimation,53.5607661,-113.4733335,5937148.321,20600.7517,NorthEast,14126.0,13014.64498,14060.15847,2080.0,2578.489208,2644.37636,14.72%,19.81%,18.81%,Minor Arterial,50176,50,1206,3,15779,Urban Facilities,Others,Division No. 11,536,934.8,31.5,540.0,0,
110713,11/15/2023,2023,Estimation,53.5711117,-113.4430534,5944017.393,36855.3982,NorthEast,6831.0,6293.574956,6799.16059,829.0,876.361137,883.6898756,12.14%,13.92%,13.00%,Minor Arterial,7291,50,8567,3,9537,Medium Scale Residential,Residential,Division No. 11,498,3083.6,45.8,295.0,0,
441285,11/15/2023,2023,Estimation,53.6157232,-113.4919135,5944134.361,36784.2925,NorthWest,37558.0,35913.00465,36899.41969,5620.0,4698.522031,4750.449049,14.96%,13.08%,12.87%,Major Arterial,26058,70,12832,4,21671,Small Scale Residential,Residential,Division No. 11,764,2623.6,46.5,635.0,0,
414396,11/15/2023,2023,Estimation,53.6140854,-113.4955738,5944137.035,36969.3056,NorthWest,23063.0,22052.86826,22658.58981,2995.0,2659.99585,2664.122507,12.99%,12.06%,11.76%,Minor Arterial,7158,60,5548,2,31860,Site Specific Development Control Provision,Direct Control Provisions,Division No. 11,573,1508.3,59.7,385.0,0,
104346,11/15/2023,2023,Estimation,53.5704175,-113.464799,5942818.907,38498.9952,NorthEast,15636.0,14405.84658,15563.12033,2366.0,2107.894203,2133.889707,15.13%,14.63%,13.71%,Minor Arterial,6694,50,2400,3,20337,Site Specific Development Control Provision,Direct Control Provisions,Division No. 11,537,3680.6,45.3,475.0,0,
105086,11/15/2023,2023,Estimation,53.573643,-113.4510484,5942724.799,38381.9073,NorthEast,709.0,626.7757136,680.6204236,63.0,59.66990499,59.87814029,8.89%,9.52%,8.80%,Local,5030,40,2760,2,11644,Medium Scale Residential,Residential,Division No. 11,482,1727.0,35.6,505.0,0,
100492,11/16/2023,2023,Estimation,53.5388381,-113.520458,5938216.698,34264.357,Downtown,11038.0,10228.01092,11161.0717,2026.0,1840.936177,1873.713991,18.35%,18.00%,16.79%,Minor Arterial,3586,40,6605,4,13042,Direct Development Control Provision,Direct Control Provisions,Division No. 11,500,12690.4,53.8,520.0,0,
100498,11/16/2023,2023,Estimation,53.5388435,-113.5218609,5938052.469,35280.6024,Downtown,13358.0,12377.76498,13506.93928,2671.0,2402.560802,2491.736316,20.00%,19.41%,18.45%,Minor Arterial,23995,60,14939,2,4629,Direct Control,Others,Division No. 11,1384,1581.2,63.8,1300.0,0,
112755,11/16/2023,2023,Estimation,53.5395062,-113.5213753,5937991.045,35326.3041,Downtown,10333.0,9574.745138,10448.21108,1637.0,1783.463327,1851.249937,15.84%,18.63%,17.72%,Minor Arterial,1699,50,677,3,30096,Direct Control,Others,Division No. 11,662,11573.4,66.1,620.0,0,
112753,11/16/2023,2023,Estimation,53.5385335,-113.5213034,5937989.736,35240.5325,Downtown,579.0,536.5118973,585.4557451,0.0,0.00286048429,0.0040128714,0.00%,0.00%,0.00%,Local,13891,50,677,4,29869,Direct Development Control Provision,Direct Control Provisions,Division No. 11,500,12690.4,53.8,520.0,0,
1139399,11/16/2023,2023,Midblock,53.549805,-113.56576,5937217.534,35291.0216,NorthWest,15407.0,14471.04646,14868.51968,2645.0,2475.261514,2559.629966,17.17%,17.10%,17.22%,Minor Arterial,9316,50,2539,4,16244,Small Scale Residential,Residential,Division No. 11,637,2195.0,58.6,495.0,0,
1139400,11/16/2023,2023,Midblock,53.550947,-113.563099,5936620.973,35655.4065,NorthWest,34609.0,32506.552,33399.40272,7243.0,5901.563147,6182.367752,20.93%,18.15%,18.51%,Minor Arterial,6646,60,2056,3,28883,Small Scale Residential,Residential,Division No. 11,637,2195.0,58.6,495.0,0,
1139402,11/16/2023,2023,Midblock,53.552036,-113.565835,5936620.218,35555.2938,NorthWest,11985.0,11256.92813,11566.11984,2029.0,1686.47187,1770.483396,16.93%,14.98%,15.31%,Minor Arterial,9314,60,15986,4,16245,Site Specific Development Control Provision,Direct Control Provisions,Division No. 11,469,1316.3,59.2,380.0,0,
1139461,11/16/2023,2023,Midblock,53.551071,-113.567728,5935606.818,38534.6706,NorthWest,30332.0,28489.37372,29271.88544,6469.0,5108.213857,5351.988791,21.33%,17.93%,18.28%,Minor Arterial,21051,60,17131,2,26372,Site Specific Development Control Provision,Direct Control Provisions,Division No. 11,637,2195.0,58.6,495.0,0,
110473,11/21/2023,2023,Estimation,53.5709142,-113.4245903,5935490.836,38532.6351,NorthEast,1250.0,1164.596926,1265.819389,125.0,96.09183188,100.1846283,10.00%,8.25%,7.91%,Collector,9618,40,5093,2,13127,Small Scale Residential,Residential,Division No. 11,497,3502.5,55.4,370.0,0,
111521,11/22/2023,2023,Estimation,53.5456678,-113.4790532,5935544.859,38456.5073,Downtown,13108.0,12282.96803,13354.72099,2022.0,2256.24131,2283.243569,15.43%,18.37%,17.10%,Minor Arterial,7516,50,91,4,16993,Mixed Use,Others,Division No. 11,476,3628.0,24.5,265.0,0,
254903,11/22/2023,2023,Estimation,53.5136208,-113.5258629,5935309.18,37632.2622,SouthWest,35532.0,32402.51985,34318.58098,7984.0,6029.332079,6422.580417,22.47%,18.61%,18.71%,Minor Arterial,30012,50,575,2,28925,Parks and Services,Others,Division No. 11,552,3447.8,59.5,420.0,0,
235864,11/22/2023,2023,Estimation,53.5122517,-113.5240193,5935110.224,38464.8205,SouthWest,4342.0,3959.578442,4193.72055,937.0,769.7130944,788.9680826,21.58%,19.44%,18.81%,Collector,9931,40,4239,2,21431,Parks and Services,Others,Division No. 11,621,2470.2,52.1,595.0,0,
235876,11/22/2023,2023,Estimation,53.5122678,-113.5269691,5934804.427,38591.3331,SouthWest,4212.0,3841.028189,4068.160054,754.0,665.8893334,657.0876613,17.90%,17.34%,16.15%,Collector,17680,40,175,2,22939,Site Specific Development Control Provision,Direct Control Provisions,Division No. 11,552,3447.8,59.5,420.0,0,
110719,11/23/2023,2023,Estimation,53.5759872,-113.4430624,5934963.332,38534.5547,NorthEast,9700.0,8836.443876,9649.152402,1211.0,1224.227125,1233.554002,12.48%,13.85%,12.78%,Minor Arterial,7293,50,8567,3,11432,Neighbourhood Commercial,Commercial,Division No. 11,459,1056.9,41.7,360.0,0,
105400,11/23/2023,2023,Estimation,53.5751329,-113.4421631,5931165.644,34409.1641,NorthEast,1795.5,1635.653091,1786.087952,200.0,181.7437702,180.9286113,11.14%,11.11%,10.13%,Collector,11448,40,3457,2,1143,Medium Scale Residential,Residential,Division No. 11,535,3661.9,53.4,515.0,0,
105404,11/23/2023,2023,Estimation,53.5751436,-113.4437009,5931129.876,34722.7317,NorthEast,1805.0,1644.30734,1795.538153,239.0,185.5782543,190.5794605,13.24%,11.29%,10.61%,Collector,14743,50,15732,3,1848,Neighbourhood Commercial,Commercial,Division No. 11,459,1056.9,41.7,360.0,0,
110717,11/23/2023,2023,Estimation,53.5740542,-113.4430624,5931167.559,34822.6223,NorthEast,7005.0,6381.370037,6968.279647,939.0,978.147972,985.0773864,13.40%,15.33%,14.14%,Minor Arterial,7292,50,8567,3,11431,Medium Scale Residential,Residential,Division No. 11,459,1056.9,41.7,360.0,0,
105066,11/23/2023,2023,Estimation,53.5735522,-113.4437818,5931290.97,41834.9449,NorthEast,663.0,603.9754938,659.5245404,55.0,47.86014766,47.19031052,8.30%,7.92%,7.16%,Local,6533,40,7313,2,11647,Small Scale Residential,Residential,Division No. 11,459,1056.9,41.7,360.0,0,
110715,11/23/2023,2023,Estimation,53.572874,-113.4430624,5931215.011,41715.0822,NorthEast,6649.0,6015.008548,6533.464215,853.0,915.8716388,924.0201831,12.83%,15.23%,14.14%,Minor Arterial,5337,50,8567,3,11430,Medium Scale Residential,Residential,Division No. 11,459,1056.9,41.7,360.0,0,
1141443,11/23/2023,2023,Midblock,53.550747,-113.57748,5924658.282,37294.767,NorthWest,32.0,30.05604508,30.88158822,7.0,7.555380451,0.0,21.88%,25.14%,0.00%,Local,19954,40,17431,2,18848,Small Scale Residential,Residential,Division No. 11,649,2564.2,65.7,540.0,0,
111745,11/28/2023,2023,Estimation,53.5788333,-113.4923092,5924659.25,37712.3261,NorthWest,48109.0,47524.10664,48829.4414,8733.0,7109.103148,7226.245108,18.15%,14.96%,14.80%,Minor Arterial,6710,60,639,6,22187,Small Scale Residential,Residential,Division No. 11,618,2790.1,54.1,555.0,0,
254915,11/28/2023,2023,Estimation,53.517333,-113.525623,5924130.202,34532.7027,SouthWest,16508.0,15238.95087,16140.07712,3181.0,2342.661613,2592.240623,19.27%,15.37%,16.06%,Minor Arterial,29773,50,575,3,28926,Alternative Jurisdiction,Others,Division No. 11,377,700.4,60.0,275.0,0,
238006,11/28/2023,2023,Estimation,53.5163373,-113.5234617,5923939.263,34506.5893,SouthWest,9957.0,9191.557658,9735.082865,2154.0,1932.313983,1928.888739,21.63%,21.02%,19.81%,Minor Arterial,50720,50,16466,2,18186,Alternative Jurisdiction,Others,Division No. 11,377,700.4,60.0,275.0,0,
254909,11/28/2023,2023,Estimation,53.5149095,-113.525818,5923578.66,37336.1555,SouthWest,34015.0,31400.10382,33256.88899,7125.0,5979.783225,6364.859803,20.95%,19.04%,19.14%,Minor Arterial,30012,50,575,2,28925,Small Scale Residential,Residential,Division No. 11,451,2445.8,29.8,420.0,0,
111747,11/28/2023,2023,Estimation,53.5802161,-113.4922733,5924015.908,37462.3291,NorthWest,49227.0,44027.9066,45237.21197,8904.0,7251.770394,7366.438192,18.09%,16.47%,16.28%,Minor Arterial,7737,60,639,6,22188,Urban Facilities,Others,Division No. 11,543,989.1,53.0,500.0,0,
330349,12/7/2023,2023,Estimation,53.5581914,-113.5511159,5923843.722,37318.5202,NorthWest,33785.0,30275.39869,31106.96679,6914.0,5235.006878,0.0,20.46%,17.29%,0.00%,Minor Arterial,21581,60,2447,2,26203,Site Specific Development Control Provision,Direct Control Provisions,Division No. 11,616,2419.5,63.5,520.0,0,
110745,12/13/2023,2023,Estimation,53.577493,-113.4445553,5923995.635,38569.6702,NorthEast,408.0,401.2424609,435.0816294,33.0,29.90160218,30.92162267,8.09%,7.45%,7.11%,Local,5188,50,4751,2,16886,Medium Industrial,Industrial,Division No. 11,459,1056.9,41.7,360.0,0,
110631,12/13/2023,2023,Estimation,53.5714055,-113.4368481,5923784.437,38395.1225,NorthEast,380.0,373.7062136,405.2230862,36.0,27.06260913,27.82112359,9.47%,7.24%,6.87%,Local,5428,40,4538,2,20488,Small Scale Residential,Residential,Division No. 11,498,3083.6,45.8,295.0,0,
110397,12/13/2023,2023,Estimation,53.5712559,-113.41843,5922122.631,37104.3697,NorthEast,11894.0,11697.00449,12683.4826,1682.0,1570.845205,1580.663012,14.14%,13.43%,12.46%,Minor Arterial,21625,50,5790,3,15811,Small Scale Residential,Residential,Division No. 11,432,3458.8,44.7,380.0,0,
333081,8/13/2024,2024,Estimation,53.629771,-113.567171,5921695.022,34566.5344,NW,,16804.40584,17282.03376,,,,,,,Minor Arterial,31425,60,6309,2,28074,Agriculture Zone,Agriculture,Division No. 11,0,0.0,,,0,
444785,10/8/2024,2024,Estimation,53.618081,-113.541205,5920959.823,34668.7537,NW,,25246.6852,25964.26617,,,,,,,Minor Arterial,21187,60,2937,2,31008,Small Scale Residential,Residential,Division No. 11,253,2898.1,47.1,170.0,0,
407556,8/27/2024,2024,Estimation,53.59952,-113.496534,5919824.04,34823.145,NW,,28963.65112,29786.8786,,,,,,,Minor Arterial,27683,60,8884,3,30789,Griesbach Village Centre Zone,Others,Division No. 11,449,1921.3,51.5,340.0,0,
317956,10/30/2024,2024,Estimation,53.599575,-113.564885,5920748.215,37046.9138,NW,,39259.58247,40375.44893,,,,,,,Minor Arterial,29148,60,8884,3,30802,General Commercial,Commercial,Division No. 11,3634,2733.6,63.8,2900.0,0,
317948,10/30/2024,2024,Estimation,53.599524,-113.560775,5921133.448,37040.9134,NW,,32940.77094,33877.03922,,,,,,,Minor Arterial,21531,60,8884,2,27624,General Commercial,Commercial,Division No. 11,957,3239.7,52.5,695.0,0,
317972,7/18/2024,2024,Estimation,53.599451,-113.578561,5920980.457,37002.0877,NW,,30092.83352,30948.1555,,,,,,,Minor Arterial,30443,70,8801,3,27631,Business Commercial,Commercial,Division No. 11,5,2.7,,,0,
318006,7/18/2024,2024,Estimation,53.599385,-113.609932,5920981.018,37073.8147,NW,,17764.93612,18269.86499,,,,,,,Minor Arterial,26310,70,1151,3,31000,Business Employment,Commercial,Division No. 11,134,7.3,52.0,125.0,0,
318012,7/18/2024,2024,Estimation,53.599502,-113.620256,5920310.22,37037.2364,NW,,8668.494279,8914.876984,,,,,,,Minor Arterial,34707,60,1181,2,30988,Agriculture Zone,Agriculture,Division No. 11,134,7.3,52.0,125.0,0,
336149,7/18/2024,2024,Estimation,53.601466,-113.615031,5920310.458,37067.6864,NW,,8236.982449,8471.100387,,,,,,,Minor Arterial,32512,60,13306,4,17854,Business Employment,Commercial,Division No. 11,134,7.3,52.0,125.0,0,
317964,7/18/2024,2024,Estimation,53.59946,-113.572277,5918252.342,39327.6857,NW,,37384.79352,38447.37327,,,,,,,Minor Arterial,28553,60,8884,3,27630,Direct Development Control Provision,Direct Control Provisions,Division No. 11,5,2.7,,,0,
333785,7/18/2024,2024,Estimation,53.596039,-113.571602,5918255.746,38287.3799,NW,,38493.88091,39587.98401,,,,,,,Major Arterial,21090,60,16136,3,29811,Business Employment,Commercial,Division No. 11,5,2.7,,,0,
317208,7/18/2024,2024,Estimation,53.590945,-113.565921,5917776.956,38709.4162,NW,,3771.476579,3878.672427,,,,,,,Collector,31372,50,3843,5,25155,Business Employment,Commercial,Division No. 11,5,2.7,,,0,
331977,8/13/2024,2024,Estimation,53.583379,-113.558735,5930728.533,32267.5151,NW,,38211.45887,39297.53475,,,,,,,Major Arterial,22100,60,16136,3,25147,Business Commercial,Commercial,Division No. 11,562,1198.8,48.4,455.0,0,
336937,11/21/2024,2024,Estimation,53.568901,-113.640158,5930724.048,31951.2955,NW,,19796.73204,20359.4102,,,,,,,Minor Arterial,27367,60,5895,3,11253,Medium Industrial,Industrial,Division No. 11,141,14.9,,,0,
330453,10/8/2024,2024,Estimation,53.570022,-113.541169,5929565.004,33262.6636,NW,,1865.69558,1918.723835,,,,,,,Collector,9140,40,6236,2,23755,Mixed Use,Others,Division No. 11,738,3664.3,57.7,615.0,0,
336117,8/21/2024,2024,Estimation,53.558475,-113.615327,5929779.78,33434.6054,NW,,32743.81484,33674.48508,,,,,,,Minor Arterial,29006,60,14654,3,24023,Business Commercial,Commercial,Division No. 11,141,14.9,,,0,
313512,8/20/2024,2024,Estimation,53.55966,-113.628494,5929565.677,33421.2548,NW,,7265.940313,7472.458534,,,,,,,Minor Arterial,20663,60,16665,3,19358,Business Employment,Commercial,Division No. 11,141,14.9,,,0,
336929,8/20/2024,2024,Estimation,53.560227,-113.639591,5922864.718,24951.0809,NW,,13834.61311,14227.83127,,,,,,,Minor Arterial,9315,60,2581,2,9677,Medium Industrial,Industrial,Division No. 11,141,14.9,,,0,
333885,9/4/2024,2024,Estimation,53.547677,-113.578078,5922997.394,25249.799,NW,,20234.31019,20809.42553,,,,,,,Minor Arterial,9534,60,12528,4,20413,Small Scale Residential,Residential,Division No. 11,747,3420.3,60.8,510.0,0,
308192,10/22/2024,2024,Estimation,53.539086,-113.620867,5922910.877,25303.4196,NW,,22959.87734,23612.46088,,,,,,,Minor Arterial,25676,60,4859,4,25650,Site Specific Development Control Provision,Direct Control Provisions,Division No. 11,568,735.0,51.6,320.0,0,
336801,8/28/2024,2024,Estimation,53.529869,-113.638341,5922819.98,25618.6167,NW,,4266.800489,4388.07482,,,,,,,Collector,8851,40,7689,2,23179,Medium Scale Residential,Residential,Division No. 11,828,6384.0,54.3,635.0,0,
333825,8/28/2024,2024,Estimation,53.52579,-113.577961,5922718.766,28568.4017,NW,,23021.0463,23675.36843,,,,,,,Minor Arterial,8977,60,11806,4,6356,Medium Scale Residential,Residential,Division No. 11,702,2596.2,59.1,550.0,0,
302294,5/28/2024,2024,Estimation,53.519455,-113.589688,5922873.326,28786.2265,NW,,16263.58261,16725.83884,,,,,,,Minor Arterial,5752,60,13063,2,18632,General Commercial,Commercial,Division No. 11,1321,20291.9,58.0,1025.0,0,
302300,5/28/2024,2024,Estimation,53.519524,-113.591028,5921407.727,29660.1207,NW,,12195.79469,12542.43307,,,,,,,Minor Arterial,19740,60,13063,2,18815,Mixed Use,Others,Division No. 11,857,2552.1,38.5,805.0,0,
300796,8/7/2024,2024,Estimation,53.514926,-113.631191,5921478.118,31330.4915,NW,,5784.965355,5949.390151,,,,,,,Collector,8854,40,4826,2,28148,Small-Medium Scale Transition Residential,Residential,Division No. 11,894,4589.3,59.2,650.0,0,
230482,6/4/2024,2024,Estimation,53.495317,-113.649996,5921271.797,31331.2564,NW,,17340.94004,17833.81776,,,,,,,Minor Arterial,5130,60,7128,2,9264,Small Scale Residential,Residential,Division No. 11,625,3022.2,50.0,520.0,0,
230566,6/4/2024,2024,Estimation,53.494242,-113.670267,5921419.187,31439.0971,NW,,16499.79101,16968.76093,,,,,,,Minor Arterial,27303,60,1529,2,26179,Small Scale Flex Residential,Residential,Division No. 11,2833,4047.1,67.9,2195.0,0,
304956,8/27/2024,2024,Estimation,53.52781,-113.68716,5921418.455,31142.571,NW,,8429.852781,8669.45263,,,,,,,Minor Arterial,30912,60,8191,2,27499,Direct Development Control Provision,Direct Control Provisions,Division No. 11,3151,1871.7,66.7,2160.0,0,
338181,8/21/2024,2024,Estimation,53.56677,-113.689036,5921418.204,32708.7863,NW,,13472.35835,13855.28023,,,,,,,Minor Arterial,29240,60,9649,2,31190,Business Employment,Commercial,Division No. 11,698,63.7,53.2,470.0,0,
436681,9/17/2024,2024,Estimation,53.627602,-113.442874,5920995.837,32068.4579,NE,,16715.91548,17321.17576,,,,,,,Minor Arterial,28047,60,1026,3,30427,Small Scale Residential,Residential,Division No. 11,467,4688.8,60.0,375.0,0,
420320,9/17/2024,2024,Estimation,53.628658,-113.443935,5920166.948,31750.5904,NE,,17573.43874,18209.74876,,,,,,,Minor Arterial,50557,60,8754,2,8395,Small Scale Residential,Residential,Division No. 11,467,4688.8,60.0,375.0,0,
420280,9/17/2024,2024,Estimation,53.628669,-113.441138,5919414.733,31005.7709,NE,,17184.30305,17806.52301,,,,,,,Minor Arterial,30937,60,8754,2,8436,Small Scale Flex Residential,Residential,Division No. 11,2271,5198.0,60.4,1680.0,0,
434377,7/16/2024,2024,Estimation,53.616715,-113.418178,5918392.982,30537.5357,NE,,12788.6872,13251.74795,,,,,,,Minor Arterial,26445,60,17394,2,30032,Small Scale Flex Residential,Residential,Division No. 11,1678,3154.1,56.7,1410.0,0,
434373,7/16/2024,2024,Estimation,53.614579,-113.41823,5918676.516,30533.9159,NE,,16640.20307,17242.72191,,,,,,,Minor Arterial,20272,60,17394,2,30238,Small Scale Residential,Residential,Division No. 11,570,4200.4,47.1,425.0,0,
414316,7/16/2024,2024,Estimation,53.615878,-113.419959,5920256.075,28893.0075,NE,,19621.18401,20331.64007,,,,,,,Minor Arterial,26524,60,5548,2,22662,Small Scale Residential,Residential,Division No. 11,1678,3154.1,56.7,1410.0,0,
111405,5/29/2024,2024,Estimation,53.575656,-113.482677,5920563.77,28891.1335,NE,,456.0710465,472.5847512,,,,,,,Local,4230,40,909,2,23359,Small Scale Residential,Residential,Division No. 11,517,3754.5,47.5,495.0,0,
111021,7/16/2024,2024,Estimation,53.574113,-113.467353,5918974.329,28937.1254,NE,,23543.88175,24396.37329,,,,,,,Minor Arterial,7741,50,12569,3,18310,Medium Scale Residential,Residential,Division No. 11,420,4073.7,41.0,390.0,0,
105116,7/16/2024,2024,Estimation,53.573558,-113.46667,5935500.429,31665.7056,NE,,1490.97143,1544.957452,,,,,,,Collector,7832,40,6119,4,11704,Neighbourhood Commercial,Commercial,Division No. 11,441,3426.6,41.0,305.0,0,
105120,7/16/2024,2024,Estimation,53.573552,-113.467965,5935416.361,31725.3211,NE,,730.095042,756.5307782,,,,,,,Local,14210,40,6119,2,11705,Medium Scale Residential,Residential,Division No. 11,420,4073.7,41.0,390.0,0,
111009,7/16/2024,2024,Estimation,53.56661,-113.46729,5935219.133,35974.728,NE,,14279.65863,14796.70541,,,,,,,Minor Arterial,5461,50,12569,3,18304,Small Scale Residential,Residential,Division No. 11,715,4320.2,52.8,720.0,0,
102786,7/16/2024,2024,Estimation,53.561225,-113.461858,5935348.841,35908.7874,NE,,20760.0938,21511.78822,,,,,,,Minor Arterial,6812,50,16878,4,19631,Neighbourhood Parks and Services,Residential,Division No. 11,595,532.6,60.6,520.0,0,
102790,7/16/2024,2024,Estimation,53.561225,-113.463369,5934301.956,36506.9518,NE,,20838.00908,21592.5247,,,,,,,Minor Arterial,7526,50,16878,4,19632,Urban Facilities,Others,Division No. 11,595,532.6,60.6,520.0,0,
534947,5/29/2024,2024,Estimation,53.551909,-113.418529,5934459.534,36505.7336,SE,,4871.239089,5105.068942,,,,,,,Collector,4752,40,16821,2,16179,Neighbourhood Commercial,Commercial,Division No. 11,481,1605.5,69.5,410.0,0,
534943,5/29/2024,2024,Estimation,53.550867,-113.418574,5934400.585,36567.8401,SE,,14348.34772,15037.09897,,,,,,,Minor Arterial,7855,50,8970,2,13442,Small Scale Residential,Residential,Division No. 11,685,1932.3,53.7,605.0,0,
527388,5/29/2024,2024,Estimation,53.551358,-113.419716,5934400.981,36460.7768,SE,,12006.43953,12582.7742,,,,,,,Minor Arterial,21348,50,14043,4,13292,Neighbourhood Commercial,Commercial,Division No. 11,685,1932.3,53.7,605.0,0,
527420,6/5/2024,2024,Estimation,53.549315,-113.43053,5933681.674,36513.5371,SE,,12377.59843,12971.74952,,,,,,,Minor Arterial,22573,50,14043,4,13195,Parks and Services,Others,Division No. 11,446,2201.4,40.6,345.0,0,
527428,9/11/2024,2024,Estimation,53.5493,-113.432181,5933491.504,36502.3432,SE,,14193.45481,14874.77088,,,,,,,Minor Arterial,5245,50,11000,2,5965,Small Scale Residential,Residential,Division No. 11,528,1722.1,55.8,475.0,0,
527036,9/18/2024,2024,Estimation,53.547452,-113.419644,5931989.839,36542.1349,SE,,982.8039604,1029.980644,,,,,,,Collector,8826,40,17489,2,13390,Small Scale Residential,Residential,Division No. 11,685,1932.3,53.7,605.0,0,
526600,7/10/2024,2024,Estimation,53.544695,-113.417773,5932968.615,33048.875,SE,,1066.557206,1117.754224,,,,,,,Collector,8916,40,6272,2,14456,Small Scale Residential,Residential,Division No. 11,487,4321.2,61.4,350.0,0,
534939,10/16/2024,2024,Estimation,53.546127,-113.41861,5932772.994,32988.8376,SE,,16222.87723,17001.60989,,,,,,,Minor Arterial,7654,50,8970,2,14773,Small Scale Residential,Residential,Division No. 11,685,1932.3,53.7,605.0,0,
521012,5/14/2024,2024,Estimation,53.512289,-113.481266,5931803.288,33536.0381,SE,,5331.882555,5587.824275,,,,,,,Collector,9714,40,15599,3,22949,Small Scale Residential,Residential,Division No. 11,1152,1963.9,65.6,1090.0,0,
541155,5/14/2024,2024,Estimation,53.511947,-113.476543,5931800.089,33414.4175,SE,,4787.091427,5016.882012,,,,,,,Collector,10945,40,11456,2,17330,Mixed Use,Others,Division No. 11,597,3359.6,75.0,460.0,0,
520996,5/14/2024,2024,Estimation,53.512279,-113.475033,,,SE,,5039.091316,5280.978433,,,,,,,Collector,9713,40,15599,2,22947,Small Scale Residential,Residential,Division No. 11,571,2083.9,57.0,465.0,0,
530783,10/16/2024,2024,Estimation,53.510444,-113.369309,,,SE,,14076.21738,14751.9058,,,,,,,Minor Arterial,3702,60,16834,2,22272,Medium Industrial,Industrial,Division No. 11,54,5.0,90.0,50.0,0,
530787,10/16/2024,2024,Estimation,53.512877,-113.369309,,,SE,,17093.46706,17913.98989,,,,,,,Minor Arterial,7107,60,16834,4,23571,Business Employment,Commercial,Division No. 11,54,5.0,90.0,50.0,0,
520760,10/16/2024,2024,Estimation,53.512204,-113.371126,,,SE,,5731.765264,6006.902206,,,,,,,Collector,9853,60,9267,3,6763,Business Employment,Commercial,Division No. 11,54,5.0,90.0,50.0,0,
510264,8/13/2024,2024,Estimation,53.45362,-113.438539,,,SE,,23334.15622,24454.24542,,,,,,,Minor Arterial,19444,60,9750,2,31354,Small Scale Residential,Residential,Division No. 11,410,2500.0,56.3,320.0,0,
510258,8/13/2024,2024,Estimation,53.453599,-113.432253,,,SE,,23891.84181,25038.70111,,,,,,,Minor Arterial,19449,60,1436,3,9193,Direct Control,Others,Division No. 11,666,3490.6,54.7,585.0,0,
541255,7/9/2024,2024,Estimation,53.449063,-113.480177,,,SE,,17239.03686,18066.54735,,,,,,,Minor Arterial,8668,50,8848,2,10926,Site Specific Development Control Provision,Direct Control Provisions,Division No. 11,5,1.8,,,0,
541253,7/9/2024,2024,Estimation,53.447349,-113.480591,,,SE,,14191.15631,14872.36205,,,,,,,Minor Arterial,26620,50,8848,2,10925,Site Specific Development Control Provision,Direct Control Provisions,Division No. 11,5,1.8,,,0,
536743,8/1/2024,2024,Estimation,53.443916,-113.438044,,,SE,,13518.9684,14167.90768,,,,,,,Minor Arterial,18929,60,13020,2,31292,Small Scale Residential,Residential,Division No. 11,482,3064.2,55.0,400.0,0,
536747,8/1/2024,2024,Estimation,53.447836,-113.436093,,,SE,,15252.26083,15984.40184,,,,,,,Minor Arterial,18927,60,13020,2,31361,Small Scale Residential,Residential,Division No. 11,313,2634.7,66.7,315.0,0,
508368,8/1/2024,2024,Estimation,53.446299,-113.438278,,,SE,,4088.289957,4284.536583,,,,,,,Collector,19009,40,9658,4,11136,Small Scale Residential,Residential,Division No. 11,524,3901.7,57.3,375.0,0,
534787,8/13/2024,2024,Estimation,53.447574,-113.419428,,,SE,,29216.63126,30619.09179,,,,,,,Minor Arterial,19197,60,1017,2,9890,Small Scale Residential,Residential,Division No. 11,457,2946.5,54.4,395.0,0,
508336,8/13/2024,2024,Estimation,53.445689,-113.422081,,,SE,,5629.485219,5899.712501,,,,,,,Collector,6314,40,17169,4,11134,Small Scale Residential,Residential,Division No. 11,424,3424.9,57.8,415.0,0,
505840,7/9/2024,2024,Estimation,53.430849,-113.441704,,,SE,,3060.553645,3207.466739,,,,,,,Collector,26770,40,15662,2,4218,Small-Medium Scale Transition Residential,Residential,Division No. 11,3933,3009.6,65.9,3170.0,0,
541239,10/8/2024,2024,Estimation,53.427179,-113.479935,,,SE,,16754.06724,17558.29815,,,,,,,Minor Arterial,27093,60,10599,4,33135,Site Specific Development Control Provision,Direct Control Provisions,Division No. 11,20,3.9,,,0,
503236,8/21/2024,2024,Estimation,53.420566,-113.478478,,,SE,,14079.42686,14755.26934,,,,,,,Minor Arterial,28086,50,11818,3,33067,Ellerslie Industrial Business Zone,Industrial,Division No. 11,20,3.9,,,0,
510698,7/9/2024,2024,Estimation,53.41035,-113.476281,,,SE,,16471.40909,17262.07181,,,,,,,Minor Arterial,32089,60,13002,2,9742,Small Scale Flex Residential,Residential,Division No. 11,3528,2533.6,66.2,2725.0,0,
536723,10/16/2024,2024,Estimation,53.418503,-113.44273,,,SE,,14767.91889,15476.81045,,,,,,,Minor Arterial,30468,60,15091,2,13869,Small Scale Flex Residential,Residential,Division No. 11,4101,4968.5,68.1,3105.0,0,
536727,10/16/2024,2024,Estimation,53.421965,-113.442775,,,SE,,17489.77349,18329.31987,,,,,,,Minor Arterial,32392,60,5536,2,13867,Medium Scale Residential,Residential,Division No. 11,1969,4918.8,64.4,1630.0,0,
503640,10/16/2024,2024,Estimation,53.420593,-113.443377,,,SE,,3965.816459,4156.184097,,,,,,,Collector,30392,40,2729,2,11969,Medium Scale Residential,Residential,Division No. 11,1969,4918.8,64.4,1630.0,0,
503632,10/16/2024,2024,Estimation,53.420593,-113.442298,,,SE,,4093.331724,4289.820365,,,,,,,Collector,25628,40,5437,4,33105,Medium Scale Residential,Residential,Division No. 11,2819,6112.3,73.3,2135.0,0,
501888,10/16/2024,2024,Estimation,53.414568,-113.442927,,,SE,,3968.568587,4159.068333,,,,,,,Collector,28262,40,12582,2,5642,Small Scale Flex Residential,Residential,Division No. 11,2647,5758.1,72.5,2015.0,0,
501880,10/16/2024,2024,Estimation,53.414568,-113.442469,,,SE,,4295.154444,4501.331007,,,,,,,Collector,27977,40,4451,2,6970,Small Scale Flex Residential,Residential,Division No. 11,2013,5455.3,70.4,1605.0,0,
500092,10/16/2024,2024,Estimation,53.395911,-113.408735,,,SE,,1403.585284,1470.960367,,,,,,,Minor Arterial,6098,80,626,2,14945,Agriculture Zone,Agriculture,Division No. 11,225,14.4,48.6,185.0,0,
500136,10/16/2024,2024,Estimation,53.396018,-113.424374,,,SE,,4539.176461,4757.0666,,,,,,,Minor Arterial,6280,80,626,2,14946,Agriculture Zone,Agriculture,Division No. 11,0,0.0,,,0,
534721,10/16/2024,2024,Estimation,53.391685,-113.418088,,,SE,,17872.31928,18730.22868,,,,,,,Major Arterial,37013,40,10635,3,29664,Agricultural Edmonton South,Agriculture,Division No. 11,198,10.4,64.5,155.0,0,
234244,5/14/2024,2024,Estimation,53.508497,-113.513596,,,SE,,12177.5774,12762.12705,,,,,,,Collector,4984,40,15376,2,17782,Small Scale Residential,Residential,Division No. 11,543,3419.4,79.3,435.0,0,
234256,5/14/2024,2024,Estimation,53.508476,-113.518363,,,SW,,12790.74634,13560.19929,,,,,,,Collector,9385,40,15376,2,17680,Small Scale Residential,Residential,Division No. 11,433,2773.9,72.6,365.0,0,
230002,6/25/2024,2024,Estimation,53.49798,-113.498719,,,SW,,9283.154802,9841.601559,,,,,,,Minor Arterial,6182,50,11453,4,7434,General Commercial,Commercial,Division No. 11,543,1923.5,54.5,505.0,0,
230812,8/27/2024,2024,Estimation,53.499899,-113.496105,,,SW,,25356.81721,26882.2073,,,,,,,Minor Arterial,8169,60,17368,3,17875,Site Specific Development Control Provision,Direct Control Provisions,Division No. 11,819,996.5,64.6,735.0,0,
229990,6/25/2024,2024,Estimation,53.497976,-113.496329,,,SW,,2333.558751,2473.938648,,,,,,,Collector,8939,50,11453,3,3740,Business Employment,Commercial,Division No. 11,819,996.5,64.6,735.0,0,
264311,6/4/2024,2024,Estimation,53.438232,-113.624506,,,SW,,3876.718571,4109.930335,,,,,,,Collector,29635,40,1103,2,9082,Public Utility,Others,Division No. 11,2411,955.2,62.2,1920.0,0,
207316,6/4/2024,2024,Estimation,53.43941,-113.62,,,SW,,8516.055612,9028.355982,,,,,,,Minor Arterial,29233,60,8733,2,18786,Site Specific Development Control Provision,Direct Control Provisions,Division No. 11,1519,3275.1,65.7,1210.0,0,
263795,6/4/2024,2024,Estimation,53.43863,-113.6192,,,SW,,8900.501351,9435.928824,,,,,,,Collector,34141,40,11523,2,18574,Medium Scale Residential,Residential,Division No. 11,1519,3275.1,65.7,1210.0,0,
207304,6/4/2024,2024,Estimation,53.437798,-113.614464,,,SW,,24358.08772,25823.39724,,,,,,,Minor Arterial,30020,60,7863,3,18792,Agriculture Zone,Agriculture,Division No. 11,1519,3275.1,65.7,1210.0,0,
208882,11/5/2024,2024,Estimation,53.436737,-113.570083,,,SW,,19499.83711,20672.88884,,,,,,,Minor Arterial,27084,60,6206,2,15271,Public Utility,Others,Division No. 11,1480,1967.3,69.9,1045.0,0,
208886,11/5/2024,2024,Estimation,53.438114,-113.566791,,,SW,,19599.61698,20778.67117,,,,,,,Minor Arterial,26456,60,6206,2,15276,Small Scale Flex Residential,Residential,Division No. 11,1480,1967.3,69.9,1045.0,0,
204736,10/8/2024,2024,Estimation,53.424896,-113.553778,,,SW,,18673.51741,19796.86022,,,,,,,Minor Arterial,36128,60,13468,2,29528,Medium Scale Residential,Residential,Division No. 11,2897,1128.3,80.5,2125.0,0,
256223,10/8/2024,2024,Estimation,53.425432,-113.528642,,,SW,,2959.24042,3137.25945,,,,,,,Collector,25086,40,6255,2,25639,Site Specific Development Control Provision,Direct Control Provisions,Division No. 11,1685,6072.1,72.0,1285.0,0,
256217,10/8/2024,2024,Estimation,53.423578,-113.528651,,,SW,,5162.260483,5472.806594,,,,,,,Collector,26682,40,6255,2,25640,Small Scale Flex Residential,Residential,Division No. 11,936,2729.7,54.6,870.0,0,
204704,10/8/2024,2024,Estimation,53.424896,-113.527014,,,SW,,15923.78869,16881.71607,,,,,,,Minor Arterial,26027,60,13468,2,27148,Small Scale Flex Residential,Residential,Division No. 11,1947,6631.5,67.0,1500.0,0,
204712,10/8/2024,2024,Estimation,53.424907,-113.531475,,,SW,,13066.15695,13852.17778,,,,,,,Minor Arterial,19657,60,13468,2,27145,Small Scale Flex Residential,Residential,Division No. 11,1685,6072.1,72.0,1285.0,0,
204680,7/30/2024,2024,Estimation,53.42481,-113.507913,,,SW,,26444.39618,28035.21176,,,,,,,Minor Arterial,19455,60,8314,3,17297,Small Scale Flex Residential,Residential,Division No. 11,3920,1055.8,68.1,2975.0,0,
203896,11/5/2024,2024,Estimation,53.421054,-113.517589,,,SW,,4996.59569,5297.175904,,,,,,,Collector,25230,40,13887,2,9214,Public Utility,Others,Division No. 11,990,4135.3,69.3,830.0,0,
203096,7/9/2024,2024,Estimation,53.413625,-113.522454,,,SW,,2121.911751,2249.559599,,,,,,,Collector,28209,40,5568,2,19601,Small Scale Flex Residential,Residential,Division No. 11,4180,3692.6,63.7,3210.0,0,
253253,7/9/2024,2024,Estimation,53.40691,-113.53373,,,SW,,13535.94195,14350.22363,,,,,,,Minor Arterial,34076,60,3780,2,19410,Medium Scale Residential,Residential,Division No. 11,4180,3692.6,63.7,3210.0,0,
253249,11/5/2024,2024,Estimation,53.397756,-113.54087,,,SW,,11211.45606,11885.90363,,,,,,,Minor Arterial,6238,60,8974,2,23250,Agriculture Zone,Agriculture,Division No. 11,4525,6149.8,71.8,3260.0,0,
253250,11/5/2024,2024,Estimation,53.400304,-113.540897,,,SW,,13362.90007,14166.77207,,,,,,,Minor Arterial,36184,60,8974,4,23252,Agriculture Zone,Agriculture,Division No. 11,2114,1104.1,75.5,1635.0,0,
258737,9/25/2024,2024,Estimation,53.41459,-113.565424,,,SW,,17199.7024,18234.38492,,,,,,,Minor Arterial,32540,60,16209,2,5961,Agriculture Zone,Agriculture,Division No. 11,597,312.3,66.7,480.0,0,
258767,9/25/2024,2024,Estimation,53.417355,-113.565424,,,SW,,19555.00858,20731.37926,,,,,,,Minor Arterial,33060,60,16209,2,6877,Small Scale Flex Residential,Residential,Division No. 11,597,312.3,66.7,480.0,0,
258749,11/27/2024,2024,Estimation,53.40307,-113.564878,,,SW,,6569.795246,6965.014428,,,,,,,Minor Arterial,36391,40,13505,3,32730,Parks and Services,Others,Division No. 11,769,1041.7,71.4,560.0,0,
101792,5/28/2024,2024,Estimation,53.551412,-113.522185,,,Downtown,,22763.84422,23740.00342,,,,,,,Minor Arterial,6505,50,1585,4,17550,Mixed Use,Others,Division No. 11,754,7093.1,68.2,740.0,0,
112711,5/28/2024,2024,Estimation,53.550653,-113.521294,,,Downtown,,5529.667548,5766.79076,,,,,,,Minor Arterial,6481,50,13296,3,29879,Medium Scale Residential,Residential,Division No. 11,754,7093.1,68.2,740.0,0,
539423,5/29/2024,2024,Estimation,53.548607,-113.4572,,,Downtown,,6255.376048,6523.601189,,,,,,,Minor Arterial,32005,50,14855,3,10950,Parks and Services,Others,Division No. 11,472,719.4,59.3,405.0,0,
527756,5/29/2024,2024,Estimation,53.549777,-113.45818,,,Downtown,,10805.31255,11268.63505,,,,,,,Minor Arterial,49981,50,11140,3,33344,River Valley,Others,Division No. 11,472,719.4,59.3,405.0,0,
538735,5/28/2024,2024,Estimation,53.540329,-113.449277,,,Downtown,,2674.841688,2789.544253,,,,,,,Collector,4794,40,13162,2,7618,Small Scale Residential,Residential,Division No. 11,491,2043.3,60.0,425.0,0,
538739,5/28/2024,2024,Estimation,53.541745,-113.449277,,,Downtown,,5093.090557,5311.492474,,,,,,,Collector,3786,40,13162,3,7619,Small Scale Residential,Residential,Division No. 11,551,1847.1,51.9,395.0,0,
526172,5/28/2024,2024,Estimation,53.541211,-113.448347,,,Downtown,,7282.43648,7594.721932,,,,,,,Collector,8827,50,10374,2,14152,Mixed Use,Others,Division No. 11,491,2043.3,60.0,425.0,0,
526180,5/28/2024,2024,Estimation,53.541222,-113.449962,,,Downtown,,4478.375387,4670.417087,,,,,,,Collector,8907,40,5691,2,14153,Mixed Use,Others,Division No. 11,515,2593.2,59.0,415.0,0,
538723,5/28/2024,2024,Estimation,53.534755,-113.44925,,,Downtown,,3148.338509,3283.345565,,,,,,,Collector,11159,40,13162,2,8198,Small Scale Residential,Residential,Division No. 11,458,2554.4,55.4,325.0,0,
525136,5/28/2024,2024,Estimation,53.533047,-113.449441,,,Downtown,,2122.890229,2213.924011,,,,,,,Collector,11152,40,2987,2,12878,Medium Scale Residential,Residential,Division No. 11,867,2962.1,46.5,645.0,0,
538679,7/10/2024,2024,Estimation,53.519551,-113.449016,,,Downtown,,2709.827105,2826.876403,,,,,,,Collector,9688,40,7251,2,16664,Small Scale Residential,Residential,Division No. 11,771,2313.2,57.1,630.0,0,
600025,5/28/2024,2024,Estimation,53.528577,-113.501582,,,Downtown,,30929.58764,32255.91026,,,,,,,Minor Arterial,8005,50,11306,3,21626,River Valley,Others,Division No. 11,398,691.3,75.6,390.0,0,
112081,5/28/2024,2024,Estimation,53.526823,-113.502508,,,Downtown,,28682.09298,29912.03854,,,,,,,Minor Arterial,50196,50,2504,3,21627,River Valley,Others,Division No. 11,544,836.3,67.0,560.0,0,
522192,9/26/2024,2024,Estimation,53.518075,-113.49436,,,Downtown,,18914.36707,19730.86628,,,,,,,Minor Arterial,23720,40,16169,3,18065,Alternative Jurisdiction,Others,Division No. 11,1152,1963.9,65.6,1090.0,0,
237892,9/26/2024,2024,Estimation,53.518054,-113.496194,,,Downtown,,17177.02432,17918.52557,,,,,,,Minor Arterial,6064,40,309,7,20261,Direct Development Control Provision,Direct Control Provisions,Division No. 11,661,1437.6,69.4,620.0,0,
